ticker,company
A,Agilent Technologies
AA,Alcoa
AACG,ATA Creativity Global
AAGIY,AIA
AAL,American Airlines
AAM,AA Mission Acquisition Corp
AAME,Atlantic American
AAOI,Applied Optoelectronics
AAP,Advance Auto Parts
AAPL,Apple
AARD,Aardvark Therapeutics
AAUC.TO,Allied Gold
AAV.TO,Advantage Energy
ABBV,AbbVie
ABEO,Abeona Therapeutics
ABEV,Ambev
ABG,Asbury Automotive
ABI.BR,AB InBev
ABL,Abacus Global Management
ABLD,Abbott Laboratories
ABLV,Able View Global
ABM,ABM Industries
ABNB,Airbnb
ABOS,Acumen Pharmaceuticals
ABRA.TO,AbraSilver Resource
ABSI,Absci
ABT,Abbott Laboratories
ABVC,ABVC BioPharma
ABVX,Abivax
ABX.TO,Barrick Mining
AC.TO,Air Canada
ACA,Arcosa
ACAD,ACADIA Pharmaceuticals
ACB.TO,Aurora Cannabis
ACET,Adicet Bio
ACFN,Acorn Energy
ACGL,Arch Capital
ACHC,Acadia Healthcare Co
ACHV,Achieve Life Sciences
ACI,Albertsons
ACIC,Archer Aviation
ACLLY,Accelleron Industries
ACLS,Axcelis Technologies
ACLX,Arcellx
ACM,AECOM
ACMR,ACM Research
ACON,Aclarion
ACOPY,a2 Milk
ACQ.TO,AutoCanada
ACR,ACRES Commercial Realty
ACRE,Ares Commercial Real Estate
ACRS,Aclaris Therapeutics
ACRV,Acrivon Therapeutics
ACTG,Acacia Research
ACTU,Actuate Therapeutics
ACU,Acme United Corp
ACXP,Acurx Pharmaceuticals
ADAG,Adagene
ADAP,Adaptimmune Therapeutics
ADBE,Adobe
ADC,Agree Realty
ADDYY,Adidas
ADEN.TO,ADENTRA
ADI,Analog Devices
ADIL,Adial Pharmaceuticals
ADM,Archer-Daniels-Midland
ADMA,ADMA Biologics
ADN.TO,Acadian Timber
ADP,Automatic Data Processing
ADPT,Adaptive Biotechnologies Corp
ADRNY,Ahold Delhaize
ADSK,Autodesk
ADT,ADT
ADTI,Adapti
ADTN,ADTRAN
ADTX,Aditxt
ADVB,Advanced Biomed
ADXN,Addex Therapeutics
ADXS,Ayala Pharmaceuticals
ADYEY,Adyen
AED.BR,Aedifica
AEE,Ameren
AEG,Aegon
AEHR,Aehr Test Systems
AEIS,Advanced Energy Industries
AEM.TO,Agnico Eagle Mines
AEMD,Aethlon Medical
AEO,American Eagle Outfitters
AEP,American Electric Power
AES,AES
AESI,AESI Holdings
AEYE,AudioEye
AFCG,Advanced Flower Capital
AFG,American Financial Group
AFIB,Acutus Medical
AFJKU,Aimei Health Technology
AFL,Aflac
AFN.TO,Ag Growth International
AFRM,Affirm
AG.TO,First Majestic Silver
AGCO,AGCO
AGEN,Agenus
AGH,Aureus Greenway Holdings
AGI.TO,Alamos Gold
AGLXY,AGL Energy
AGM,Federal Agricultural Mortgage
AGMH,AGM Group
AGNC,AGNC Investment
AGRO,Adecoagro
AGX,Argan
AHCO,AdaptHealth
AHH,Armada Hoffler Properties
AHR,American Healthcare REIT
AI.TO,Atrium Mortgage Investment
AIEV,Thunder Power Holdings
AIF.TO,Altus Group
AIG,American International
AIHS,Senmiao Technology
AII,American Integrity Insurance Group
AII.TO,Almonty Industries
AIM,AIM ImmunoTech
AIM.TO,Aimia
AIP,Arteris
AIR,AAR
AIRE,reAlpha Tech
AIRG,Airgain
AIRI,Air Industries
AIRO,AIRO Group Holdings
AIRS,AirSculpt Technologies
AIV,Apartment Investment and Management
AIXI,Xiao I
AJG,Arthur J Gallagher & Co
AKAM,Akamai Technologies
AKBA,Akebia Therapeutics
AL,Air Lease
ALA.TO,AltaGas
ALAB,Astera Labs
ALB,Albemarle
ALC.SW,Alcon
ALC.TO,Algoma Central
ALCE,Alternus Clean Energy
ALCY,Alchemy Investments
ALDF,Aldel Financial II
ALDX,Aldeyra Therapeutics
ALE,ALLETE
ALEC,Alector
ALF,Alfi
ALG,Alamo
ALGM,Allegro MicroSystems
ALGN,Align Technology
ALK,Alaska Air
ALK.AX,Alkane Resources
ALKT,Alkami Technology
ALL,Allstate
ALLO,Allogene Therapeutics
ALLR,Allarity Therapeutics
ALLT.TA,Allot
ALLY,Ally Financial
ALMS,Alumis
ALMU,Aeluma
ALNY,Alnylam Pharmaceuticals
ALOT,AstroNova
ALPMY,Astellas Pharma
ALPP,Alpine 4
ALRM,Alarm.com
ALS.TO,Altius Minerals
ALSN,Allison Transmission
ALT,Altimmune
ALTR.LS,Altri
ALV,Autoliv
ALXO,ALX Oncology
ALYA.TO,Alithya Group
ALZN,Alzamend Neuro
AM,Antero Midstream
AMAT,Applied Materials
AMBA,Ambarella
AMBC,Octave Specialty Group
AMBO,Ambow Education
AMC,AMC Entertainment
AMC.TO,Arizona Metals
AMCR,Amcor
AMCX,AMC Networks
AMD,Advanced Micro Devices
AMDD,Advanced Micro Devices
AME,AMETEK
AMG,Affiliated Managers
AMGN,Amgen
AMH,American Homes 4 Rent
AMIX,Autonomix Medical
AMKBY,AP Moller Maersk
AMKR,Amkor Technology
AMLM,American Lithium Minerals
AMLX,Amylyx Pharmaceuticals
AMN,AMN Healthcare Services
AMP,Ameriprise Financial
AMPE,Ampio Pharmaceuticals
AMPG,AmpliTech
AMPH,Amphastar Pharmaceuticals
AMPL,Amplitude
AMPX,Amprius Technologies
AMPY,Amplify Energy
AMRC,Ameresco
AMRK,Gold.com
AMRN,Amarin
AMRX,Amneal Pharmaceuticals
AMRZ.SW,Amrize
AMS,American Shared Hospital Services
AMSC,American Superconductor
AMST,Amesite
AMT,American Tower
AMTM,Amentum Holdings
AMTX,Aemetis
AMWL,American Well
AMX,America Movil
AMZD,Amazon
AMZN,Amazon
AN,AutoNation
ANDR.VI,ANDRITZ
ANEB,Anebulo Pharmaceuticals
ANET,Arista Networks
ANF,Abercrombie & Fitch
ANGI,Angi
ANGO,AngioDynamics
ANGPY,Valterra Platinum
ANIP,ANI Pharmaceuticals
ANIX,Anixa Biosciences
ANL,Adlai Nortye
ANPDY,ANTA Sports Products
ANRG.TO,Anaergia
ANRO,Alto Neuroscience
ANSC,Agriculture & Natural Solutions Acquisition
ANTX,AN2 Therapeutics
ANVS,Annovis Bio
AOL.L,AO World
AOMR,Angel Oak Mortgage
AOS,A O Smith
AOSL,Alpha & Omega Semiconductor
APA,APA
APAM,Artisan Partners Asset Management
APCX,AppTech Payments
APD,Air Products and Chemicals
APEI,American Public Education
APGE,Apogee Therapeutics
APH,Amphenol
API,Agora
APLD,Applied Digital
APLE,Apple Hospitality REIT
APLS,Apellis Pharmaceuticals
APLT,Applied Therapeutics
APM,Aptorum
APM.TO,Andean Precious Metals
APO,Apollo Global Management
APOG,Apogee Enterprises
APP,AppLovin
APPF,Appfolio
APPN,Appian
APPS,Digital Turbine
APRE,Aprea Therapeutics
APT,Alpha Pro Tech
APTV,Aptiv
APUS,Apimeds Pharmaceuticals US
APVO,Aptevo Therapeutics
APWC,Asia Pacific Wire & Cable
APYX,Apyx Medical
AQB,AquaBounty Technologies
AQMS,Aqua Metals
AQN.TO,Algonquin Power & Utilities
AQST,Aquestive Therapeutics
AR,Antero Resources
ARAI,Arrive AI
ARAY,Accuray
ARBB,ARB IOT Group
ARBK,Argo Blockchain
ARCB,ArcBest
ARCC,Ares Capital
ARCO,Arcos Dorados
ARCT,Arcturus Therapeutics
ARDS,Aridis Pharmaceuticals
ARDT,Ardent Health
ARDX,Ardelyx
ARE,Alexandria Real Estate Equities
ARE.TO,Aecon Group
AREB,American Rebel
AREC,American Resources
AREN,Arena Group
ARES,Ares Management
ARG.TO,Amerigo Resources
ARGX,Argenx
ARHS,Arhaus
ARI,Apollo Commercial Real Estate Finance
ARIS.TO,Aris Mining
ARLO,Arlo Technologies
ARM,ARM
ARMK,Aramark
ARMP,Armata Pharmaceuticals
ARQT,Arcutis Biotherapeutics
ARR,ARMOUR Residential REIT
ARRY,Array Technologies
ARTL,Artelo Biosciences
ARTV,Artiva Biotherapeutics
ARVN,Arvinas
ARW,Arrow Electronics
ARWR,Arrowhead Pharmaceuticals
ARX.TO,ARC Resources
ARZGY,GENERALI
AS,Amer Sports
ASAN,Asana
ASAZY,Assa Abloy
ASB,Associated Banc-Corp
ASC,Ardmore Shipping
ASCCY,Asics
ASCU.TO,Arizona Sonoran Copper
ASGLY,AGC
ASIC,Ategrity Specialty Holdings
ASIX,AdvanSix
ASM.TO,Avino Silver & Gold Mines
ASMB,Assembly Biosciences
ASML,ASML
ASND,Ascendis Pharma
ASNS,Actelis Networks
ASO,Academy Sports & Outdoors
ASOMY,ASOS
ASPC,Semantix
ASPL,Wheels Up Experience
ASPN,Aspen Aerogels
ASPS,Altisource Portfolio Solutions
ASRT,Assertio
ASST,Strive
ASTC,Astrotech
ASTI,Ascent Solar Technologies
ASTL.TO,Algoma Steel
ASX,ASE Technology
ASYS,Amtech Systems
ATAT,Atour Lifestyle Holdings
ATD.TO,Alimentation Couche-Tard
ATEN,A10 Networks
ATGE,Adtalem Global Education
ATGL,Alpha Technology Group
ATH.TO,Athabasca Oil
ATHA,Athira Pharma
ATHE,Alterity Therapeutics
ATHM,Autohome
ATHR,Aether Holdings
ATI,ATI
ATKR,Atkore
ATLC,Atlanticus
ATLX,Atlas Lithium
ATMC,Alphatime
ATMU,Atmus Filtration Technologies
ATMV,AMC Robotics
ATNM,Actinium Pharmaceuticals
ATO,Atmos Energy
ATOM,Atomera
ATOS,Atossa Therapeutics
ATPC,Agape ATP
ATR,AptarGroup
ATRA,Atara Biotherapeutics
ATRL.TO,AtkinsRealis Group
ATRO,Astronics
ATS.TO,ATS
ATS.VI,AT&S Austria Technologie & Systemtechnik
ATUS,Optimum Communications
ATXG,Addentax
ATXI,Avenue Therapeutics
ATZ.TO,Aritzia
AUDC.TA,AudioCodes
AUGO,Aura Minerals
AUID,authID
AUMN,Golden Minerals
AUNA,Auna
AURA,Aura Biosciences
AUTL,Autolus Therapeutics
AUUD,Auddia
AUVI,Applied UV
AVA,Avista
AVAH,Aveanna Healthcare
AVAV,AeroVironment
AVB,AvalonBay Communities
AVBP,ArriVent Biopharma
AVCN.TO,Avicanna
AVGO,Broadcom
AVIR,Atea Pharmaceuticals
AVL.TO,Avalon Advanced Materials
AVNT.TO,Avant Brands
AVNW,Aviat Networks
AVR,Anteris Technologies Global
AVT,Avnet
AVTR,Avantor
AVXL,Anavex Life Sciences
AVY,Avery Dennison
AW.TO,A&W Food Services of Canada
AWK,American Water Works
AWR,American States Water
AWRE,Aware
AWX,Avalon
AX,Axos Financial
AXL,American Axle & Manufacturing
AXP,American Express
AXSM,Axsome Therapeutics
AXTI,AXT
AYA.TO,Aya Gold & Silver
AYI,Acuity
AYTU,Aytu BioPharma
AZE.BR,Azelis
AZI,Autozi Internet Technology Global
AZN,AstraZeneca
AZO,AutoZone
AZTR,Azitra
AZZ,AZZ
BA,Boeing
BABA,Alibaba
BABY.TO,Else Nutrition
BAC,Bank of America
BACQ,Inflection Point Acquisition Corp IV
BAH,Booz Allen Hamilton
BAK,Braskem
BAM.TO,Brookfield Corp
BAND,Bandwidth
BANF,BancFirst
BANL,CBL International
BANT,Bantec
BAOS,Baosheng Media Group
BAP,Credicorp
BATL,Battalion Oil
BATRA,Atlanta Braves (Series A)
BATRK,Atlanta Braves
BAX,Baxter International
BAYA,Bayview Acquisition
BB.TO,BlackBerry
BBAR,Banco BBVA Argentina
BBD,Banco Bradesco
BBDC,Barings BDC
BBDO,Banco Bradesco
BBIO,BridgeBio Pharma
BBLG,Bone Biologics
BBNX,Beta Bionics
BBUC.TO,Brookfield Business Corp
BBVA,Banco Bilbao Vizcaya Argentaria
BBVAE.MC,Banco Bilbao Vizcaya Argentaria
BBW,Build-A-Bear Workshop
BBY,Best Buy
BC,Brunswick
BCAB,BioAtla
BCAX,Bicara Therapeutics
BCC,Boise Cascade
BCDA,BioCardia
BCE.TO,BCE
BCH,Banco de Chile
BCLI,BrainStorm Cell Therapeutics
BCP.LS,Banco Comercial Portugues
BCRX,BioCryst Pharmaceuticals
BCS,Barclays
BCSF,Bain Capital Specialty Finance
BCT.TO,BriaCell Therapeutics
BCYC,Bicycle Therapeutics
BDGI.TO,Badger Infrastructure Solutions
BDI.TO,Black Diamond Group
BDL,Flanigan's Enterprises
BDNNY,Boliden
BDORY,Banco do Brasil
BDSX,Biodesix
BDT.TO,Bird Construction
BDTX,Black Diamond Therapeutics
BDX,Becton Dickinson and Co
BE,Bloom Energy
BEAG,Bold Eagle Acquisition
BEAM,Beam Therapeutics
BEKE,KE
BELFB,Bel Fuse
BEN,Franklin Resources
BEP,Brookfield Renewable Partners
BEPC.TO,Brookfield Renewable
BFAM,Bright Horizons Family Solutions
BFRG,Bullfrog AI Holdings
BFRI,Biofrontera
BG.VI,BAWAG
BGLC,BioNexus Gene Lab
BGS,B&G Foods
BGSF,BGSF
BGXX,Bright Green
BHAT,Blue Hat Interactive Entertainment Technology
BHC.TO,Bausch Health
BHLL,Bradda Head Lithium
BHP,BHP Group
BHR,Braemar Hotels & Resorts
BIAF,bioAffinity Technologies
BIDU,Baidu
BIIB,Biogen
BILI,Bilibili
BILL,BILL Holdings
BIMI,BIMI International Medical
BIO,Bio-Rad Laboratories (Class A)
BIOA,BioAge Labs
BIOX,Bioceres Crop Solutions
BIP,Brookfield Infrastructure Partners
BIPC.TO,Brookfield Infrastructure
BIR.TO,Birchcliff Energy
BIRD,Allbirds
BIRK,Birkenstock
BITF.TO,Bitfarms
BIVI,BioVie
BIYA,Baiya International Group
BJ,BJ's Wholesale Club
BJRI,BJ's Restaurants
BK,Bank of New York Mellon
BKD,Brookdale Senior Living
BKE,Buckle
BKH,Black Hills
BKHA,Black Hawk Acquisition Corp
BKU,BankUnited
BKV,BKV
BKYI,Bio-key International
BL,Blackline
BLBD,Blue Bird
BLBX,Blackboxstocks
BLCO.TO,Bausch + Lomb
BLD,TopBuild
BLDP.TO,Ballard Power Systems
BLDR,Builders FirstSource
BLFS,BioLife Solutions
BLIN,Bridgeline Digital
BLIV,Belive Holdings
BLK,BlackRock
BLKB,Blackbaud
BLMN,Bloomin' Brands
BLMZ,Harrison Global Holdings
BLN.TO,Blackline Safety
BLND,Blend Labs
BLNK,Blink Charging
BLRX,BioLine RX
BLTE,Belite Bio
BLX,Banco Latinoamericano de Comercio Exterior
BLX.TO,Boralex
BLZE,Backblaze
BMA,Banco Macro
BMBL,Bumble
BMGL,Basel Medical Group
BMI,Badger Meter
BMMJ,Body and Mind
BMNR,BitMine Immersion Technologies
BMO.TO,Bank of Montreal
BMRA,Biomerica
BMRC,Bank of Marin Bancorp
BMRN,BioMarin Pharmaceutical
BMY,Bristol-Myers Squibb
BN.TO,Brookfield
BNB.BR,Banque Nationale de Belgique
BNCDY,Banca Mediolanum
BNE.TO,Bonterra Energy
BNED,Barnes & Noble Education
BNGO,Bionano Genomics
BNL,Broadstone Net Lease
BNP.PA,Danone
BNS.TO,Bank of Nova Scotia
BNTC,Benitec Biopharma
BNTX,BioNTech
BOH,Bank of Hawaii
BOLT,Bolt Biotherapeutics
BON,Bon Natural Life
BOOT,Boot Barn
BORR,Borr Drilling
BOS.TO,AirBoss of America
BOTJ,Bank of the James
BOW,Bowhead Specialty Holdings
BOWL.L,Bow Street
BOWN,Bowen Acquisition
BOX,Box
BOXL,Boxlight
BP,BP
BPOST.BR,bpost
BPTH,Bio-Path
BQ,Boqii
BR,Broadridge Financial Solutions
BRAG.TO,Bragg Gaming Group
BRBR,BellRing Brands
BRC,Brady
BRE.TO,Bridgemarq Real Estate Services
BRFH,Barfresh Food
BRIA,Brillia
BRKR,Bruker
BRLT,Brilliant Earth
BRN,Barnwell Industries
BRO,Brown & Brown
BROS,Dutch Bros
BRSP,BrightSpire Capital
BRT,BRT Apartments
BRTX,Biorestorative Therapies
BRX,Brixmor Property
BRZE,Braze
BSBR,Banco Santander Brasil
BSET,Bassett Furniture Industries
BSFC,Blue Star Foods
BSVN,Bank7
BSX,Boston Scientific
BSY,Bentley Systems
BTAI,Bioxcel Therapeutics
BTBD,BT Brands
BTBT,Bit Digital
BTCL,London BTC Company
BTCS,BTCS
BTE.TO,Baytex Energy
BTI,British American Tobacco
BTL.L,BT Group
BTM,Bitcoin Depot
BTO.TO,B2Gold
BTOC,Armlogi
BTSG,BrightSpring Health Services
BTU,Peabody Energy
BUD,AB InBev
BULL,Webull
BUR,Burford Capital
BURL,Burford Capital
BUSE,First Busey
BVN,Cia de Minas Buenaventura
BVNRY,Bavarian Nordic
BW,Babcock & Wilcox Enterprises
BWA,BorgWarner
BWAY,Brainsway
BWEN,Broadwind
BWXT,BWX Technologies
BX,Blackstone
BXC,BlueLinx
BXP,BXP
BYD,Boyd Gaming
BYD.TO,Boyd Group Services
BYDDY,BYD
BYFC,Broadway Financial
BYNO,byNordic Acquisition Corp
BYRN,Byrna Technologies
BYSI,Beyondspring
BZUN,Baozun
C,Citigroup
CAAP,Corp America Airports
CAAS,China Automotive Systems
CABA,Cabaletta Bio
CABGY,Carlsberg
CABO,Cable One
CACI,CACI International
CADL,Candel Therapeutics
CAE.TO,CAE
CAEP,Cantor Equity Partners III
CAG,Conagra Brands
CAH,Cardinal Health
CAI.VI,CA Immobilien Anlagen
CAKE,Cheesecake Factory
CAL,Caleres
CALA,Calithera Biosciences
CALM,Cal-Maine Foods
CALX,Calix
CAMB.BR,Campine
CAMT.TA,Camtek
CAN,Canaan
CANF,Can-Fite BioPharma
CANG,Cango
CAP.PA,Carrefour
CAPC,Capstone Companies
CAPN,Cayson Acquisition Corp
CAPR,Capricor Therapeutics
CAR,Avis Budget
CARG,Cargurus
CARR,Carrier Global
CART,Maplebear (Instacart)
CARV,Carver Bancorp
CAS.TO,Cascades
CASI,CASI Pharmaceuticals Holdings
CASY,Casey's General Stores
CAT,Caterpillar
CATY,Cathay General Bancorp
CAVA,Cava Group
CBAT,CBAK Energy Technology
CBGPY,Close Brothers Group
CBIO,Gyre Therapeutics
CBL,CBL & Associates Properties
CBLL,Ceribell
CBNA,Chain Bridge Bancorp
CBOE,Cboe Global Markets
CBRL,Cracker Barrel Old Country Store
CBSH,Commerce Bancshares
CC,Chemours
CCA.TO,Cogeco Communications
CCAP,Crescent Capital BDC
CCCC,C4 Therapeutics
CCCX,Churchill Capital
CCI,Crown Castle
CCIX,Churchill Capital Corp IX
CCK,Crown
CCL,Carnival Corp
CCM,Concord Medical Services
CCO,Clear Channel Outdoor
CCO.TO,Cameco
CCOEY,Capcom
CCOI,Cogent Communications
CCRN,Cross Country Healthcare
CCS,Century Communities
CCTG,CCSC Technology International Holdings
CDE,Coeur Mining
CDLR,Cadeler
CDLX,Cardlytics
CDNA,CareDx
CDNS,Cadence Design Systems
CDR.TO,Condor Energies
CDT,CDT Equity
CDTG,CDT Environmental Technology Investment
CDTX,Cidara Therapeutics
CDW,CDW Corp
CDXS,Codexis
CDZI,Cadiz
CE,Celanese
CEG,Constellation Energy
CELC,Celcuity
CELH,Celsius
CELZ,Creative Medical Technology
CEMX.TO,CEMATRIX
CENX,Century Aluminum
CEP,Twenty One Capital
CEPO,Cantor Equity Partners I
CEPT,Cantor Equity Partners II
CEPU,Central Puerto
CERS,Cerus
CERT,Certara
CETX,Cemtrex
CETY,Clean Energy Technologies
CEU.TO,CES Energy Solutions
CEVA,CEVA
CF,CF Industries
CF.TO,Canaccord Genuity
CFF.TO,Conifex Timber
CFG,Citizens Financial Group
CFLT,Confluent
CFP.TO,Canfor
CFW.TO,Calfrac Well Services
CFX.TO,Canfor Pulp Products
CG,Carlyle Group
CG.TO,Centerra Gold
CGBD,Carlyle Secured Lending
CGEM,Cullinan Therapeutics
CGEN.TA,Compugen
CGG.TO,China Gold International Resources
CGNX,Cognex
CGO.TO,Cogeco
CGON,CG oncology
CGTL,Creative Global Technology
CGTX,Cognition Therapeutics
CGX.TO,Cineplex
CGY.TO,Calian Group
CHAC,Crane Harbor Acquisition
CHAR,Charlton Aria Acquisition
CHCI,Comstock Holding Companies
CHD,Church & Dwight Co
CHE,Chemed
CHGG,Chegg
CHH,Choice Hotels International
CHMI,Cherry Hill Mortgage Investment
CHNR,China Natural Resources
CHR.TO,Chorus Aviation
CHRS,Coherus Oncology
CHRW,CH Robinson Worldwide
CHSN,Chanson International
CHT,Chunghwa Telecom
CHTR,Charter Communications
CHUC,Charlie's Holdings
CHWY,Chewy
CHYM,Chime Financial
CI,Cigna Group
CIA.AX,Champion Iron
CIBEY,Commercial International Bank Egypt
CIEN,Ciena
CIG,Cia Energetica de Minas Gerais
CIGI.TO,Colliers International Group
CIGL,Concorde International Group
CIIT,Tianci International
CIM,Chimera Investment
CINF,Cincinnati Financial
CING,Cingulate
CIO,City Office REIT
CION,CION Investment
CISO,CISO Global
CISS,C3is
CJ.TO,Cardinal Energy
CJMB,Callan Jmb
CKHUY,CK Hutchison
CL,Colgate-Palmolive
CLAR,Clarus
CLCO,Cool Co
CLF,Cleveland-Cliffs
CLFD,Clearfield
CLH,Clean Harbors
CLIK,Click Holdings
CLIR,ClearSign Technologies
CLLS,Cellectis
CLNE,Clean Energy Fuels
CLPBY,Coloplast
CLPR,Clipper Realty
CLPS,CLPS
CLPT,ClearPoint Neuro
CLRB,Cellectar Biosciences
CLRO,ClearOne
CLS.TO,Celestica
CLSD,Clearside Biomedical
CLSK,Cleanspark
CLWT,Euro Tech
CLX,Clorox
CM.TO,Canadian Imperial Bank of Commerce
CMA,Comerica
CMBM,Cambium Networks
CMC,Commercial Metals
CMCL,Caledonia Mining
CMCSA,Comcast
CMDB,Costamare Bulkers Holdings
CME,CME Group
CMG,Chipotle Mexican Grill
CMG.TO,Computer Modelling
CMGR,ClubHouse Media
CMI,Cummins
CMP,Compass Minerals International
CMPS,Compass Pathways
CMRE,Costamare
CMS,CMS Energy
CMTL,Comtech Telecommunications
CNA,CNA Financial
CNAL.L,Centrica
CNBX,CNBX Pharmaceuticals
CNC,Centene
CNDT,Conduent
CNE.TO,Canacol Energy
CNET,ZW Data Action Technologies
CNEY,CN Energy
CNGL,Canna-Global Acquisition Corp
CNK,Cinemark
CNL.TO,Collective Mining
CNM,Core & Main
CNP,CenterPoint Energy
CNQ.TO,Canadian Natural Resources
CNR.TO,Canadian National Railway
CNS,Cohen & Steers
CNSL.L,Corero Network Security
CNSP,CNS Pharmaceuticals
CNTB,Connect Biopharma
CNTM,ConnectM Technology Solutions
CNTX,Context Therapeutics
CNTY,Century Casinos
CNX,Core Natural Resources
CNXC,Concentrix
COCO,Vita Coco
COCP,Cocrystal Pharma
CODI,Compass Diversified
CODX,Co-Diagnostics
COE,51 Talk Online Education
COF,Capital One Financial
COFB.BR,Cofinimmo
COHN,Cohen & Co
COHU,Cohu
COIN,Coinbase
COKE,Coca-Cola Consolidated
COLA,Columbus Acquisition Corp
COLB,Columbia Banking System
COMB.BR,Cie du Bois Sauvage
COMM,CommScope
COMP,Compass
COMS,ComSovereign
CON,Concentra
COO,Cooper Companies
COP,ConocoPhillips
COPL,Copley Acquisition
COPR.TO,Coppernico Metals
COR.LS,Corticeira Amorim
CORT,Corcept Therapeutics
COSM,Cosmos Health
COST,Costco Wholesale
COTY,Coty
COUR,Coursera
COYA,Coya Therapeutics
CP.TO,Canadian Pacific Kansas City
CPAC,Cementos Pacasmayo
CPB,The Campbell's Company
CPBI,Central Plains Bancshares
CPH.TO,Cipher Pharmaceuticals
CPHI,China Pharma
CPIX,Cumberland Pharmaceuticals
CPNG,Coupang
CPOP,Pop Culture Group
CPPTL,Copper Property CTL Pass Through
CPRT,Copart
CPRX,Catalyst Pharmaceuticals
CPS,Cooper-Standard
CPSH,CPS Technologies
CPSR,Gelesis
CPST,Capstone Green Energy
CPX.TO,Capital Power
CRBG,Corebridge Financial
CRBP,Corbus Pharmaceuticals
CRBU,Caribou Biosciences
CRC,California Resources
CRCL,Circle Property
CRCT,Cricut
CRDL.TO,Cardiol Therapeutics
CRDO,Credo Technology
CREG,Smart Powerr
CRESY,Cresud
CREX,Creative Realities
CRI,Carter's
CRIS,Curis
CRK,Comstock Resources
CRKN,Crown ElectroKinetics
CRL,Charles River Laboratories International
CRM,Salesforce
CRMD,CorMedix
CRMT,America's Car-Mart
CRNC,Cerence
CRON.TO,Cronos
CROX,Crocs
CRRX.TO,CareRx
CRS,Carpenter Technology
CRSR,Corsair Gaming
CRTD,Creatd
CRTO,Criteo
CRUS,Cirrus Logic
CRVL,CorVel
CRVS,Corvus Pharmaceuticals
CRWD,Crowdstrike
CRWV,CoreWeave
CS.TO,Capstone Copper
CSAI,Cloudastructure
CSBR,Champions Oncology
CSCO,Cisco Systems
CSGP,CoStar
CSL,Carlisle Companies
CSR,Centerspace
CSTL,Castle Biosciences
CSU.TO,Constellation Software
CSV,Carriage Services
CSWC,Capital Southwest
CSX,CSX
CTAS,Cintas
CTC.TO,Canadian Tire
CTGO,Contango ORE
CTM,Castellum
CTMX,CytomX Therapeutics
CTNM,Contineum Therapeutics
CTNT,Cheetah Net Supply Chain Service
CTO,CTO Realty Growth
CTRA,Alpha Metallurgical Resources
CTRI,Centuri Holdings
CTRM,Castor Maritime
CTRN,Citi Trends
CTSH,Cognizant Technology Solutions
CTSO,CytoSorbents
CTT.LS,CTT Correios de Portugal
CTVA,Corteva
CTXR,Citius Pharmaceuticals
CU.TO,Canadian Utilities
CUBE,CubeSmart
CUBI,Customers Bancorp
CUE,Cue Biopharma
CUEN,Cuentas
CUK,Carnival
CUPR,Cuprina Holdings Cayman
CURA.TO,Curaleaf Holdings
CURB,Curbline Properties
CURV,Torrid
CV,CapsoVision
CVBF,CVB Financial
CVE.TO,Cenovus Energy
CVGW,Calavo Growers
CVI,CVR Energy
CVKD,Cadrenal Therapeutics
CVLG,Covenant Logistics
CVLT,Commvault Systems
CVM,CEL-SCI
CVNA,Carvana
CVO.TO,Coveo Solutions
CVR,Chicago Rivet & Machine
CVS,CVS Health
CVV,CVD Equipment
CVX,Chevron
CW,Curtiss-Wright
CWAN,Clearwater Analytics
CWCO,Consolidated Water
CWD,CaliberCos
CWEB.TO,Charlottes Web
CWEN,Clearway Energy
CWH,Camping World
CWK,Cushman & Wakefield
CWT,California Water Service
CX,Cemex
CXAI,CXApp
CXDO,Crexendo
CXM,Sprinklr
CXW,CoreCivic
CYCN,Cyclerion Therapeutics
CYDY,CytoDyn
CYGIY,CyberAgent
CYH,Community Health Systems
CYN,CYNGN
CYRX,CryoPort
CYTK,Cytokinetics
D,Dominion Energy
DAC,Danaos
DAIC,CID Holdco
DAL,Delta Air Lines
DAN,Dana
DAO,Youdao
DAR,Darling Ingredients
DARE,Dare Bioscience
DASH,DoorDash
DASTY,Dassault Systemes
DAVA,Endava
DAWN,Day One Biopharmaceuticals
DBGI,Digital Brands
DBI,Designer Brands
DBM.TO,Doman Building Materials
DBSDY,DBS Group
DBVT,DBV Technologies
DBX,Dropbox
DC,Dakota Gold
DCBO.TO,Docebo
DCI,Donaldson
DCL.L,Currys
DCM.TO,DATA Communications Management
DCO,Ducommun
DCTH,Delcath Systems
DD,DuPont de Nemours
DDC,DDC Enterprise
DDD,3D Systems
DDI,DoubleDown Interactive
DDL,DingDong Cayman
DDOG,Datadog
DDS,Dillard's
DE,Deere & Co
DEA,Easterly Government Properties
DEC,Diversified Energy
DECK,Deckers Outdoor
DELL,Dell Technologies
DEME.BR,Deme
DEO,Diageo
DERM,Journey Medical
DFH,Dream Finders Homes
DFPH,Oncology Institute
DFY.TO,Definity Financial
DG,Dollar General
DGII,Digi International
DGLY,Digital Ally
DGNX,Diginex
DGX,Quest Diagnostics
DHER.DE,Delivery Hero
DHI,DR Horton
DHR,Danaher
DHT,DHT
DIE.BR,D'ieteren
DIN,Dine Brands Global
DIOD,Diodes
DIS,Walt Disney
DIV.TO,Diversified Royalty
DJCO,Daily Journal Corp
DK,Delek US
DKILY,Daikin Industries
DKS,Dick's Sporting Goods
DLAKY,Deutsche Lufthansa
DLCG.TO,Dominion Lending Centres
DLO,Dlocal
DLPN,Dolphin Entertainment
DLTR,Dollar Tree
DMAA,Drugs Made In America Acquisition
DML.TO,Denison Mines
DMYY,dMY Squared Technology Group
DND.TO,Dye & Durham
DNG.TO,Dynacor
DNLI,Denali Therapeutics
DNNGY,Orsted
DNOPY,Dino Polska
DNOW,DNOW
DNTL.TO,dentalcorp
DNUT,Krispy Kreme
DOC.VI,DO & CO
DOCN,DigitalOcean
DOCS,Doximity
DOCU,DocuSign
DOGZ,Dogness International
DOL.TO,Dollarama
DOMO,Domo
DOO.TO,BRP
DOUG,Douglas Elliman
DOV,Dover
DOYU,DouYu International
DPM.TO,DPM Metals
DPZ,Domino's Pizza
DQ,Daqo New Energy
DQJCY,Pan Pacific International
DR.TO,Medical Facilities
DRCT,Direct Digital
DRD,DRDGOLD
DRDB,Roman DBDR Acquisition
DRH,DiamondRock Hospitality
DRI,Darden Restaurants
DRIO,DarioHealth
DRM.TO,DREAM Unlimited
DRMA,Dermata Therapeutics
DRS,Leonardo DRS
DRT.TO,DIRTT Environmental Solutions
DRVN,Driven Brands
DRX.TO,ADF Group
DSBX,Dogwood State Bank
DSCSY,Disco
DSG.TO,Descartes Systems Group
DSGT,DSG Global
DSP,Viant Technology
DSS,DSS
DSV.TO,Discovery Silver
DSWL,Deswell Industries
DSX,Diana Shipping
DT,Dynatrace
DTCK,Davis Commodities
DTE,DTE Energy
DTIL,Precision BioSciences
DTM,DT Midstream
DTOL.TO,D2L
DTSQ,DT Cloud Star Acquisition Corp
DTSS,Datasea
DTST,Data Storage
DUFRY,Avolta
DUK,Duke Energy
DUO,Fangdd Network
DUOL,Duolingo
DUOT,Duos Technologies
DV,DoubleVerify
DVA,DaVita
DVAX,Dynavax Technologies
DVN,Devon Energy
DX,Dynex Capital
DXC,DXC Technology
DXCM,Dexcom
DXF,Eason Technology
DXLG,Destination XL Group Inc
DXPE,DXP Enterprises
DXR,Daxor
DXT.TO,Dexterra
DXYZ,Destiny Tech100
DY,Dycom Industries
DYAI,Dyadic International
DYCQ,Dt Cloud Acquisition
DYNT,Dynatronics
E,Eni
EA,Electronic Arts
EAF,GrafTech International
EARN,Ellington Credit
EAT,Brinker International
EB,Eventbrite
EBAY,eBay
EBC,Eastern Bankshares
EBET,EBET
EBON,Ebang International
EBR,Axia Energia
EBS,Emergent BioSolutions
EBS.VI,Erste Group Bank
EC,Ecopetrol
ECBK,ECB Bancorp
ECG,Everus Construction
ECIA,Encision
ECL,Ecolab
ECN.TO,ECN Capital
ECO,Okeanis Eco Tankers
ECO.TO,EcoSynthetix
ECOR,ElectroCore
ED,Consolidated Edison
EDBL,Edible Garden
EDHL,Everbright Digital Holding
EDIT,Editas Medicine
EDN,Empresa Distribuidora Y Comercializadora Norte
EDP.LS,EDP - Energias de Portugal
EDR.TO,Endeavour Silver
EDRY,EuroDry
EDT.TO,Spectral Medical
EDTK,Skillful Craftsman Education Technology
EDU,New Oriental Education & Technology
EDV.L,Endeavour Mining
EE,Excelerate Energy
EEFT,Euronet Worldwide
EEIQ,EpicQuest Education
EFC,Ellington Financial
EFN.TO,Element Fleet Management
EFOI,Energy Focus
EFR.TO,Energy Fuels
EFX,Equifax
EFX.TO,Enerflex
EGBN,Eagle Bancorp
EGHT,8x8
EGIEY,Engie Brasil Energia
EGL.LS,Mota-Engil
EGLX.TO,Enthusiast Gaming
EGP,EastGroup Properties
EGY,VAALCO Energy
EH,EHang
EHAB,Enhabit
EHGO,Eshallgo
EHLD,Euro-Holdings
EHTH,eHealth
EIC,Eagle Point Income Co
EIF.TO,Exchange Income Corp
EIG,Employers Holdings
EIX,Edison International
EJH,E-Home Household Service
EKSO,Ekso Bionics
EL,Estee Lauder
ELA,Envela
ELAB,PMGC Holdings
ELD.TO,Eldorado Gold
ELF,elf Beauty
ELF.TO,E-L Financial
ELME,Elme Communities
ELO.TO,Eloro Resources
ELOX,Eloxx Pharmaceuticals
ELPC,Companhia Paranaense de Energia
ELPW,eLong Power
ELS,Equity LifeStyle Properties
ELSE,Electro-Sensors
ELTP,Elite Pharmaceuticals
ELVA.TO,Electrovaya
ELWS,Earlyworks
EM,Smart Share Global
EMA.TO,Emera
EMBC,Embecta
EME,EMCOR
EMN,Eastman Chemical
EMR,Emerson Electric
EMRD,Emerson Electric
ENB.TO,Enbridge
ENGH.TO,Enghouse Systems
ENGS,Energys Group
ENI.MI,Eni
ENIC,Enel Chile
ENLAY,Enel
ENLT.TA,Enlight Renewable Energy
ENLV.TA,Enlivex Therapeutics
ENPH,Enphase Energy
ENR,Energizer
ENRGY.BR,EnergyVision
ENS,EnerSys
ENSV,Enservco
ENTG,Entegris
ENVA,Enova International
ENZN,Enzon Pharmaceuticals
EOG,EOG Resources
EOLS,Evolus Inc
EONGY,E.ON
EP,Empire Petroleum
EPAM,EPAM Systems
EPM,Evolution Petroleum
EPR,EPR Properties
EPRX.TO,Eupraxia Pharmaceuticals
EPSM,Epsium Enterprise
EPWK,EPWK Holdings
EQ,Equillium
EQB.TO,EQB
EQH,Equitable
EQIX,Equinix
EQNR,Equinor
EQR,Equity Residential
EQT,EQT
EQV,EQV Ventures Acquisition Corp
EQX.TO,Equinox Gold
ERAS,Erasca
ERD.TO,Erdene Resource Development
ERIC,Ericsson
ERIE,Erie Indemnity
ERII,Energy Recovery
ERJ,Embraer
ERO.TO,ERO Copper
ES,Eversource Energy
ESAB,Esab
ESAIY,Eisai
ESE,ESCO Technologies
ESEA,Euroseas
ESHA,ESH Acquisition
ESI.TO,Ensign Energy Services
ESLT.TA,Elbit Systems
ESPR,Esperion Therapeutics
ESYJY,easyJet
ET.TO,Evertz Technologies
ETCMY,Eutelsat Communications
ETG.TO,Entree Resources
ETH,Ethan Allen Interiors
ETON,Eton Pharmaceuticals
ETOR,eToro Group
ETR,Entergy
ETS.VI,Eurotelesites
ETSY,Etsy
EURK,Eureka Acquisition Corp
EURN.BR,CMB Tech
EUSP,EuroSite Power
EVAX,Evaxion
EVC,Entravision Communications
EVCM,EverCommerce
EVER,EverQuote
EVFM,Evofem Biosciences
EVGN.TA,Evogene
EVH,Evolent Health
EVI,EVI Industries
EVLO,Evelo Biosciences
EVN.VI,EVN
EVOL,Symbolic Logic
EVR,Evercore
EVRG,Evergy
EVSBY,EVS Broadcast Equipment
EVTC,EVERTEC
EVVTY,Evolution
EW,Edwards Lifesciences
EWCZ,European Wax Center
EXAS,Exact Sciences
EXC,Exelon
EXE.TO,Extendicare
EXEL,Exelixis
EXFY,Expensify
EXLS,ExlService
EXOD,Exodus Movement
EXP,Eagle Materials
EXPD,Expeditors International of Washington
EXPE,Expedia
EXPI,eXp World
EXR,Extra Space Storage
EXTR,Extreme Networks
EYE,National Vision
EYEG,Kiora Pharmaceuticals
EYPT,EyePoint
EZGO,Ezgo Technologies
EZPW,EZCORP
F,Ford Motor
FACC.VI,FACC
FACO,First Acceptance
FAGR.BR,Fagron
FAMI,Farmmi Inc
FANG,Diamondback Energy
FANUY,FANUC
FAST,Fastenal
FAT,FAT Brands
FATE,Fate Therapeutics
FATN,Fatpipe
FB,Meta Platforms
FBGL,FBS Global
FBIO,Fortress Biotech
FBK,FB Financial
FBLA,FB Bancorp
FBLG,Fibrobiologics
FBRX,Forte Biosciences
FC.TO,Firm Capital Mortgage Investment
FCEL,FuelCell Energy
FCNCA,First Citizens BancShares (Class A)
FCUV,Focus Universal
FCX,Freeport-McMoRan
FDMT,4D Molecular Therapeutics
FDP,Fresh Del Monte Produce
FDS,FactSet Research Systems
FDSB,Fifth District Bancorp
FDUS,Fidus Investment
FDX,FedEx
FDY.TO,Faraday Copper
FE,FirstEnergy
FEAC,Skillz
FEAM,5E Advanced Materials
FEBO,Fenbo Holdings
FEC.TO,Frontera Energy
FEDU,Four Seasons Education Cayman
FEIM,Frequency Electronics
FELE,Franklin Electric
FEMY,Femasys
FER.AS,Ferrovial
FF,FutureFuel
FF.TO,First Mining Gold
FFH.TO,Fairfax Financial
FFIV,F5
FFM.AX,FireFly Metals
FG,F&G Annuities & Life
FGEN,FibroGen
FGI,FGI Industries
FGL,Founder Group
FGMC,FG Merger II
FHN,First Horizon
FHTX,Foghorn Therapeutics
FIBK,First Interstate BancSystem
FICO,Fair Isaac
FIGS,Figs
FIHL,Fidelis Insurance Holdings
FINMY,Leonardo
FINV,FinVolution
FIP,FTAI Infrastructure
FIS,Fidelity National Information Services
FITB,Fifth Third Bancorp
FIVE,Five Below
FIVN,Five9
FIX,Comfort Systems USA
FIZZ,National Beverage
FKWL,Franklin Wireless
FLAG,Calidi Biotherapeutics
FLGT,Fulgent Genetics
FLL,Full House Resorts
FLNC,Fluence Energy
FLNG,FLEX LNG
FLNT,Fluent
FLO,Flowers Foods
FLOC,Flowco Holdings
FLR,Fluor
FLS,Flowserve
FLUX,Flux Power
FLWS,1-800-Flowers.com
FLX,BingEx
FLYE,FLY-E Group
FLYW,Flywire
FM.TO,First Quantum Minerals
FMC,FMC
FMCC,Federal Home Loan Mortgage
FMFC,Kandal M Venture
FMX,Fomento Economico Mexicano
FN,Fabrinet
FN.TO,First National Financial
FNB,FNB Corp
FND,Floor & Decor
FNF,Fidelity National Financial
FNGR,FingerMotion
FNKO,Funko
FNMA,Federal National Mortgage Association
FNV.TO,Franco-Nevada
FOJCY,Fortum
FOLD,Amicus Therapeutics
FOM.TO,Foran Mining
FOOD.TO,Goodfood Market
FORA.TO,VerticalScope
FORD,Forward Industries
FORL,Four Leaf Acquisition
FORM,FormFactor
FOSL,Fossil Group
FOUR,Shift4 Payments
FOX,Fox Corp (Class B)
FOXA,Fox Corp (Class A)
FPAY,FlexShopper
FPI,Farmland Partners
FRBA,First Bank
FRCOY,Fast Retailing
FRHC,Freedom Holding
FRO,Frontline
FRPH,FRP Holdings
FRPT,Freshpet
FRSH,Freshworks
FRSX,Foresight Autonomous
FRU.TO,Freehold Royalties
FSHP,Flag Ship
FSK,FS KKR Capital
FSLR,First Solar
FSLY,Fastly
FSP,Franklin Street Properties
FSUGY,Fortescue
FSUN,Firstsun Capital Bancorp
FSV.TO,FirstService
FSY.TO,Forsys Metals
FSZ.TO,Fiera Capital
FTAI,FTAI Aviation
FTCI,FTC Solar
FTCO,Fortitude Gold
FTDR,Frontdoor
FTEK,Fuel Tech
FTEL,Fitell
FTFT,Future FinTech
FTG.TO,Firan Technology
FTII,FutureTech II Acquisition Corp
FTK,Flotek Industries
FTLF,FitLife Brands
FTNT,Fortinet
FTRE,Fortrea Holdings
FTS.TO,Fortis
FTT.TO,Finning International
FTV,Fortive
FUBO,FuboTV
FUJHY,Subaru
FUL,HB Fuller
FULC,Fulcrum Therapeutics
FURY.TO,Fury Gold Mines
FUTU,Futu
FVI.TO,Fortuna Mining
FVL.TO,Freegold Ventures
FVN,Future Vision II Acquisition Corp
FVR,FrontView REIT
FWONA,Liberty Media (Series A)
FWONK,Liberty Media (Series C)
FWRG,First Watch Restaurant
FXLV,F45 Training
FYBR,Frontier Communications Parent
G,Genpact
GAIN,Gladstone Investment
GALP.LS,Galp Energia
GALT,Galectin Therapeutics
GAMB,Gambling.com
GAME,GameSquare Holdings
GANX,Gain Therapeutics
GASS,StealthGas
GAU.TO,Galiano Gold
GBCI,Glacier Bancorp
GBDC,Golub Capital BDC
GBFH,GBank Financial Holdings
GBIO,Generation Bio
GBR,New Concept Energy
GBT.TO,BMTC Group
GBUX,GIVBUX
GBX,Greenbrier Companies
GCI,USA TODAY Co
GCL,GCL Global Holdings
GCL.TO,Colabor Group
GCO,Genesco
GCT,GigaCloud Technology
GD,General Dynamics
GDDY,GoDaddy
GDEN,Golden Entertainment
GDHG,Golden Heaven Group Holdings
GDI.TO,GDI Integrated Facility Services
GDL.TO,Goodfellow
GDRX,GoodRx
GDS,GDS
GDXD,General Dynamics
GDYN,Grid Dynamics
GE,General Electric
GECC,Great Elm Capital
GEHC,GE HealthCare Technologies
GEI.TO,Gibson Energy
GEN,Genesis Healthcare
GENK,GEN Restaurant Group
GENM.TO,Generation Mining
GEO,GEO Group
GERN,Geron
GES,Guess?
GEV,GE Vernova
GEVO,Gevo
GFAI,Guardforce AI
GFASY,Gafisa
GFF,Griffon
GFI,Gold Fields
GFL.TO,GFL Environmental
GFP.TO,GreenFirst Forest Products
GFR.TO,Greenfire Resources
GFS,Globalfoundries
GGAL,Grupo Financiero Galicia
GGB,Gerdau
GGD.TO,GoGold Resources
GGG,Graco
GH,Guardant Health
GH.TO,Gamehost
GHC,Graham Holdings
GHG,GreenTree Hospitality
GHM,Graham
GIG,BigBear.ai
GIL.TO,Gildan Activewear
GILD,Gilead Sciences
GILT.TA,Gilat Satellite Networks
GIPR,Generation Income Properties
GIS,General Mills
GKOS,Glaukos
GLAD,Gladstone Capital
GLBS,Globus Maritime
GLE,Global Engine Group
GLIBK,GCI Liberty (Class C)
GLNG,Golar LNG
GLO.TO,Global Atomic
GLOB,Globant
GLPI,Gaming and Leisure Properties
GLSI,Greenwich Lifesciences
GLTO,Galecto
GLUE,Monte Rosa Therapeutics
GLW,Corning
GLXG,Galaxy Payroll
GLXY,Galaxy Digital
GM,General Motors
GMAB,Genmab
GMBL,Esports Entertainment
GME,GameStop
GMED,Globus Medical
GMGI,Golden Matrix
GMIN.TO,G Mining Ventures
GMM,Global Mofy AI
GMRE,Global Medical REIT
GMVHY,Entain
GMX.TO,Globex Mining Enterprises
GNFT,Genfit
GNK,Genco Shipping & Trading
GNL,Global Net Lease
GNLN,Greenlane
GNLX,Genelux
GNPX,Genprex
GNRC,Generac
GNTX,Gentex
GNW,Genworth Financial
GO,Grocery Outlet
GOCO,GoHealth
GOFPY,OPAP
GOGO,Gogo
GOLD.TO,Barrick Mining
GOLF,Acushnet
GOOD,Gladstone Commercial
GOOG,Alphabet (Class C)
GOOGL,Alphabet (Class A)
GOOS.TO,Canada Goose
GORO,Gold Resource
GOSS,Gossamer Bio
GOVX,GeoVax Labs
GPAK,Gamer Pakistan
GPAT,GP-Act III Acquisition Corp
GPC,Genuine Parts
GPCR,Structure Therapeutics
GPI,Group 1 Automotive
GPK,Graphic Packaging
GPN,Global Payments
GPRE,Green Plains
GPRK,Geopark
GPRO,GoPro
GRA.TO,NanoXplore
GRAL,GRAIL
GRAN,Grande Group
GRBK,Green Brick Partners
GRC,Gorman-Rupp
GRDN,Guardian Pharmacy Services
GREE,Greenidge Generation
GRGD.TO,Groupe Dynamite
GRN.TO,Greenlane Renewables
GRNQ,Greenpro Capital
GRO.TO,Brazil Potash
GRPN,Groupon
GRRR,Gorilla Technology
GRTX,Galera Therapeutics
GRVY,Gravity
GRWG,GrowGeneration
GS,Goldman Sachs
GSAT,Globalstar
GSBD,Goldman Sachs BDC
GSIT,GSI Technology
GSIW,Garden Stage
GSK,GSK
GSL,Global Ship Lease
GSUN,Golden Sun Health Technology Group
GSY.TO,goeasy
GT,Goodyear Tire & Rubber
GTBP,GT Biopharma
GTCH,GBT Technologies
GTE,Gran Tierra Energy
GTEC,Greenland Technologies
GTII,Global Tech Industries
GTIM,Good Times Restaurants
GTLB,Gitlab
GTLS,Chart Industries
GTN,Gray Media
GTWO.TO,G2 Goldfields
GTX,Garrett Motion
GTY,Getty Realty Corp
GUD.TO,Knight Therapeutics
GULRY,Guoco
GURE,Gulf Resources
GURU.TO,GURU Organic Energy
GUTS,Fractyl Health
GVH,Globavend Holdings
GWAV,Greenwave Technology Solutions
GWO.TO,Great-West Lifeco
GWRE,Guidewire Software
GWRS,Global Water Resources
GWW,WW Grainger
GXO,GXO Logistics
H,Hyatt Hotels
H.TO,Hydro One
HAE,Haemonetics
HAI.TO,Haivision Systems
HAIN,Hain Celestial
HAL,Halliburton
HALMY,Halma
HALO,Halozyme Therapeutics
HAO,Haoxi Health Technology
HAS,Hasbro
HASI,HA Sustainable Infrastructure Capital
HAYW,Hayward
HBAN,Huntington Bancshares
HBM.TO,Hudbay Minerals
HBT,HBT Financial
HCA,HCA Healthcare
HCAI,Huachen AI Parking Management Technology Holding
HCAT,Health Catalyst
HCC,Warrior Met Coal
HCI,HCI Group
HCMC,Healthier Choices Management Corp
HCTI,Healthcare Triangle
HCWB,HCW Biologics
HCWC,Healthy Choice Wellness
HD,Home Depot
HDB,HDFC Bank
HDL,Super Hi International Holding
HDSN,Hudson Technologies
HE,Hawaiian Electric Industries
HELE,Helen of Troy
HEPA,Hepion Pharmaceuticals
HEPS,D-MARKET Elektronik Hizmetler ve Ticaret
HESM,Hess Midstream
HG,Hamilton Insurance Group
HGBL,Heritage Global
HI,Hillenbrand
HIFS,Hingham Institution For Savings
HIG,Hartford Insurance Group
HIHO,Highway Holdings
HII,Huntington Ingalls Industries
HIMX,Himax Technologies
HIT,Health In Tech
HIW,Highwoods Properties
HKD,AMTD Digital
HL,Hecla Mining
HLF,Herbalife Ltd
HLF.TO,High Liner Foods
HLI,Houlihan Lokey
HLIO,Helios Technologies
HLIT,Harmonic
HLLY,Holley
HLN,Haleon
HLNE,Hamilton Lane
HLP,Hongli Group
HLS.TO,HLS Therapeutics
HLT,Hilton Worldwide
HMC,Honda Motor
HMR,Heidmar Maritime Holdings
HMY,Harmony Gold Mining
HNGE,Hinge Health
HNGKY,Hongkong Land Holdings
HNI,HNI
HNNMY,H&M Hennes & Mauritz
HNRG,Hallador Energy
HNST,Honest Co
HNVR,Hanover Bancorp
HOCPY,Hoya
HOFT,Hooker Furnishings
HOFV,Hall of Fame Resort & Entertainment
HOG,Harley-Davidson
HOLX,Hologic
HON,Honeywell International
HOND,Terrestrial Energy
HOOD,Robinhood Markets
HOOK,Hookipa Pharma
HOPE,Hope Bancorp
HOTH,Hoth Therapeutics
HOUR,Hour Loop
HOV,Hovnanian Enterprises
HOWL,Werewolf Therapeutics
HP,Helmerich & Payne
HPE,Hewlett Packard Enterprise
HPGLY,Hapag-Lloyd
HPK,HighPeak Energy
HPP,Hudson Pacific Properties
HPQ,HP
HRB,H&R Block
HRI,Herc
HRL,Hormel Foods
HRMY,Harmony Biosciences
HROW,Harrow
HRTG,Heritage Insurance
HRZN,Horizon Technology Finance
HSAI,Hesai
HSBC,HSBC
HSCS,HeartSciences
HSDT,Solana Co
HSHP,Himalaya Shipping
HSIC,Henry Schein
HSLV.TO,Highlander Silver
HSPO,Horizon Space
HSPT,HORIZON SPACE ACQUISITION II
HST,Host Hotels & Resorts
HSY,Hershey
HTCR,Heartcore Enterprises
HTGC,Hercules Capital
HTHIY,Hitachi
HTHT,H World
HTZ,Hertz Global
HUBB,Hubbell
HUBS,HubSpot
HUDI,Huadi International
HUHU,Huhutech International Group
HUIZ,Huize
HUM,Humana
HUN,Huntsman
HURC,Hurco Companies
HUSA,Abundia Global Impact Group
HUT,Hut 8 Mining
HUYA,HUYA
HVII,Hennessy Capital Investment Corp VII
HVT,Haverty Furniture Companies
HWAL,Hollywall Entertainment
HWH,Hwh International
HWKN,Hawkins
HWO.TO,High Arctic Energy Services
HWX.TO,Headwater Exploration
HXGBY,Hexagon
HXHX,Haoxin Holdings
HXL,Hexcel
HY,Hyster-Yale
HYFM,Hydrofarm Holdings
HYMC,Hycroft Mining
HYSR,SunHydrogen
HZO,MarineMax
IAC,IAC
IAG.TO,iA Financial Corp
IAU.TO,i-80 Gold
IBAC,IB Acquisition Corp
IBIO,iBio
IBKR,Interactive Brokers
IBM,IBM
IBN,ICICI Bank
IBO,Impact BioMedical
IBP,Installed Building Products
IBS.LS,Ibersol
IBTA,Ibotta
ICCT,iCoreConnect
ICE,Intercontinental Exchange
ICFI,ICF International
ICG,Intchains Group
ICHR,Ichor
ICL.TA,ICL Group
ICMB,Investcorp Credit Management BDC
ICUI,ICU Medical
IDAI,T Stamp
IDCC,InterDigital
IDN,Intellicheck
IDT,IDT
IDXX,IDEXX Laboratories
IE,Ivanhoe Electric
IEML.L,Impax Environmental Markets
IEP.BR,IEP Invest
IEX,IDEX
IFBD,Infobird
IFC.TO,Intact Financial Corp
IFF,International Flavors & Fragrances
IFP.TO,Interfor
IGC,IGC Pharma
IGIC,International General Insurance
IGM.TO,IGM Financial
IHRT,iHeartMedia
III,Information Services
III.TO,Imperial Metals
IIIL.L,3i Group
IIIN,Insteel Industries
IIPR,Innovative Industrial Properties
IKT,Inhibikase Therapeutics
ILAG,Intelligent Living Application
ILLM.TO,Illumin Holdings
ILMN,Illumina
IMG.TO,IAMGOLD
IMMP,Immutep
IMMR,Immersion
IMMX,Immix Biopharma
IMNM,Immunome
IMO.TO,Imperial Oil
IMOS,ChipMOS Technologies
IMP.TO,Intermap Technologies
IMPP,Imperial Petroleum
IMPUY,Impala Platinum
IMRA,Enliven Therapeutics
IMRN,Immuron
IMRX,Immuneering
IMUX,Immunic
IMVT,Immunovant
IMXI,International Money Express
INAB,IN8bio
INCY,Incyte
INDB,Independent Bank
INDO,Indonesia Energy
INFL.L,Informa
INFU,InfuSystem
INFY,Infosys
ING,ING Groep
INGM,Ingram Micro
INGN,Inogen
INGR,Ingredion
INHD,Inno Holdings
INIS,International Isotopes
INKT,MiNK Therapeutics
INLF,Inlif
INMB,Inmune Bio
INN,Summit Hotel Properties
INNV,Innovage
INO,Inovio Pharmaceuticals
INOD,Innodata
INR,Infinity Natural Resources
INSE,Inspired Entertainment
INSG,Inseego
INSM,Insmed
INSP,Inspire Medical Systems
INSW,International Seaways
INTA,Intapp
INTC,Intel
INTG,InterGroup
INTJ,Intelligent Group
INTR,Inter & Co
INTU,Intuit
INTZ,Intrusion
INUV,Inuvo
INV,Innventure
INVA,Innoviva
INVE,Identiv
INVH,Invitation Homes
INVU,Investview
IOBT,IO Biotech
IONM,Assure
IONR,ioneer
IONS,Ionis Pharmaceuticals
IOT,Samsara
IOTR,iOthree
IOVA,Iovance Biotherapeutics
IP,International Paper
IPAR,Interparfums
IPCO.TO,International Petroleum
IPCX,Inflection Point Acquisition
IPDN,Professional Diversity Network
IPHA,Innate Pharma
IPI,Intrepid Potash
IPO.TO,InPlay Oil
IPOL.L,IP Group
IPR.LS,Impresa
IPSC,Century Therapeutics
IPW,iPower
IPWR,Ideal Power
IQ,iQIYI
IQST,iQSTEL
IQV,IQVIA
IR,Ingersoll Rand
IRBT,iRobot
IRDM,Iridium Communications
IRIX,IRIDEX
IRM,Iron Mountain
IRS,IRSA Inversiones y Representaciones
IRTC,iRhythm Technologies
IS.TO,Infrastructure Dividend Split Corp
ISO.TO,IsoEnergy
ISPC,iSpecimen
ISPR,Ispire Technology
ISRG,Intuitive Surgical
ISRL,Israel Acquisitions
ISSC,Innovative Solutions and Support
IT,Gartner
ITGR,Integer
ITOCY,ITOCHU
ITP,IT Tech Packaging
ITRI,Itron
ITT,ITT
ITUB,Itau Unibanco Holding
ITW,Illinois Tool Works
IVDA,Iveda Solutions
IVFH,Innovative Food Holdings
IVN.TO,Ivanhoe Mines
IVR,Invesco Mortgage Capital
IVST,Innovest Global
IVZ,Invesco
IX,ORIX
IXHL,Incannex Healthcare
IZEA,IZEA Worldwide
IZM,Iczoom
JACK,Jack in the Box
JACS,Jackson Acquisition Co II
JAG.TO,Jaguar Mining
JAGX,Jaguar Health
JAKK,JAKKS Pacific
JAMF,Jamf
JANX,Janux Therapeutics
JBDI,Jbdi Holdings
JBGS,JBG SMITH Properties
JBHT,JB Hunt Transport Services
JBL,Jabil
JBLU,JetBlue Airways
JCAP,Jefferson Capital
JCSE,JE Cleantech
JD,JD.com
JDZG,Jiade
JELD,JELD-WEN
JEWL,Adamas One
JFB,JFB Construction Holdings
JFIN,Jiayin
JFU,9F
JG,Aurora Mobile
JHG,Janus Henderson
JJSF,J & J Snack Foods
JKHY,Jack Henry & Associates
JKS,JinkoSolar
JL,J-Long Group
JLL,Jones Lang LaSalle
JMHLY,Jardine Matheson
JMIA,Jumia Technologies
JMT.LS,Jeronimo Martins
JNJ,Johnson & Johnson
JOB,GEE Group
JOE,St Joe
JOUT,Johnson Outdoors
JOY.TO,Journey Energy
JPM,JPMorgan Chase & Co
JSDA,Jones Soda
JVA,Coffee Holding Co
JWEL,Jowell Global
JWEL.TO,Jamieson Wellness
JXN,Jackson Financial
JYD,Jayud Global Logistics
JYNT,Joint Corp
JZ,Jianzhi Education Technology
JZXN,Jiuzi
K.TO,Kinross Gold
KALA,KALA BIO
KAPA,Kairos Pharma
KAVL,Kaival Brands Innovations
KB,KB Financial Group
KBC.BR,KBC Group
KBCA.BR,KBC Ancora
KBDC,Kayne Anderson BDC
KBGGY,Kongsberg Gruppen
KBH,KB Home
KBL.TO,K-Bro Linen
KBNT,Kubient
KBR,KBR
KC,Kingsoft Cloud
KD,Kyndryl
KEI.TO,Kolibri Global Energy
KEL.TO,Kelt Exploration
KELYB,Kelly Services (Class B)
KEP,Korea Electric Power
KEQU,Kewaunee Scientific
KEWL,Keweenaw Land Association
KEX,Kirby
KEY,KeyCorp
KEY.TO,Keyera
KEYS,Keysight Technologies
KFRC,Kforce
KFY,Korn Ferry
KGS,Kodiak Gas Services
KHC,Kraft Heinz
KIDS,OrthoPediatrics
KIM,Kimco Realty
KIN.BR,Kinepolis
KINS,Kingstone
KIROY,Kumba Iron Ore
KITS.TO,KITS Eyecare
KKOYY,Kesko
KKR,KKR & Co
KLAC,KLA
KLIC,Kulicke & Soffa Industries
KLTO,Klotho Neurosciences
KLXE,KLX Energy Services
KMB,Kimberly-Clark
KMDA.TA,Kamada
KMI,Kinder Morgan
KMTS,Kestra Medical Technologies
KMTUY,Komatsu
KMX,CarMax
KN,Knowles
KNDI,Kandi Technologies
KNF,Knife River
KNOP,KNOT Offshore Partners
KNSL,Kinsale Capital
KNT.TO,K92 Mining
KNX,Knight-Swift Transportation
KNYJY,Kone
KO,Coca-Cola
KOD,Kodiak Sciences
KODK,Eastman Kodak
KOF,Coca-Cola Femsa
KOPN,Kopin
KOS,Kosmos Energy
KOSS,Koss
KPT.TO,KP Tissue
KPTI,Karyopharm Therapeutics
KR,Kroger
KRC,Kilroy Realty
KRKR,36Kr
KRMD,KORU Medical Systems
KRMN,Karman Holdings
KROS,Keros Therapeutics
KRT,Karat Packaging
KRUS,Kura Sushi USA
KRYAY,Kerry Group
KRYS,Krystal Biotech
KSCP,Knightscope
KSI.TO,kneat.com
KSPI,Kaspi.KZ
KSS,Kohl's
KTOS,Kratos Defense & Security Solutions
KTTA,Pasithea Therapeutics
KULR,KULR Technology
KURA,Kura Oncology
KVAC,Keen Vision Acquisition Corp
KVUE,Kenvue
KVYO,Klaviyo
KWM,K Wave Media
KXIN,Kaixin Auto
KXS.TO,Kinaxis
KYMR,Kymera Therapeutics
KYTX,Kyverna Therapeutics
KZIA,Kazia Therapeutics
KZR,Kezar Life Sciences
L.TO,Loblaw Cos
LABS.TO,MediPharm Labs
LAC.TO,Lithium Americas
LAD,Lithia Motors
LADR,Ladder Capital
LAES,SEALSQ
LAKE,Lakeland Industries
LAM.TO,Laramide Resources
LAMR,Lamar Advertising
LAND,Gladstone Land
LASE,Laser Photonics
LASR,nLight
LAUR,Laureate Education
LAW,CS Disco
LB,Bath & Body Works
LB.TO,Laurentian Bank of Canada
LBGJ,Li Bang International
LBRDK,Liberty Broadband (Series C)
LBRT,Liberty Energy
LBTI,Lithium & Boron Technology
LBTYA,Liberty Global (Class A)
LBTYB,Liberty Global (Class B)
LC,LendingClub
LCAP,MSP Recovery
LCCC,Lakeshore Acquisition III
LCFS.TO,Tidewater Renewables
LCNB,LCNB
LCTC,Lifeloc Technologies
LCTX,Lineage Cell Therapeutics
LDI,loanDepot
LDOS,Leidos
LECO,Lincoln Electric
LEDS,SemiLEDs
LEG,Leggett & Platt
LEGN,Legend Biotech
LEN,Lennar (Class A)
LESL,Leslie's
LEU,Centrus Energy
LEVI,Levi Strauss & Co
LFST,LifeStance Health
LFUS,Littelfuse
LFVN,Lifevantage
LGCB,Linkage Global
LGCL,Lucas GC
LGCY,Legacy Education
LGD.TO,Liberty Gold
LGFRY,Longfor
LGHL,Lion Group
LGIQ,Logiq
LGO.TO,Largo
LGVN,Longeveron
LH,Labcorp Holdings
LHSW,Lianhe Sowell International Group
LHX,L3Harris Technologies
LI,Li Auto
LICN,Lichen International
LIF,Life360
LIF.TO,Labrador Iron Ore Royalty
LII,Lennox International
LILAK,Liberty Latin America (Class C)
LINE,Lineage
LIPO,Lipella Pharmaceuticals
LIRC.TO,Lithium Royalty
LITB,LightInTheBox
LITE,Lumentum
LIVE,Live Ventures
LIXT,Lixte Biotechnology
LKQ,LKQ
LLESY,Lendlease
LLY,Eli Lilly & Co
LLYVK,Liberty Live Holdings
LMAT,LeMaitre Vascular
LMB,Limbach
LMND,Lemonade
LMPX,LMP Automotive
LMT,Lockheed Martin
LNC,Lincoln National
LND,BrasilAgro - Co Brasileira de Propriedades Agricolas
LNF.TO,Leon's Furniture
LNG,Cheniere Energy
LNKS,Linkers Industries
LNN,Lindsay
LNR.TO,Linamar
LNT,Alliant Energy
LNTH,Lantheus
LNVGY,Lenovo Group
LOAN,Manhattan Bridge Capital
LOAR,Loar Holdings
LOB,Live Oak Bancshares
LOBO,Lobo Technologies
LOCO,El Pollo Loco
LODE,Comstock
LOMA,Loma Negra Cia Industrial Argentina
LOOP,Loop Industries
LOTB.BR,Lotus Bakeries
LOVE,Lovesac
LOW,Lowe's
LPBB,Launch Two Acquisition Corp
LPCN,Lipocine
LPG,Dorian LPG
LPL,LG Display
LPLA,LPL Financial
LPSN,LivePerson
LPTH,LightPath Technologies
LPTV,Loop Media
LPTX,Cypherpunk Technologies
LPX,Louisiana-Pacific
LQDA,Liquidia
LQDT,Liquidity Services
LQMT,Liquidmetal Technologies
LRCX,Lam Research
LRE,Lead Real Estate Co
LRHC,La Rosa
LRMR,Larimar Therapeutics
LRN,Stride
LSCC,Lattice Semiconductor
LSE,Leishen Energy Holding
LSF,Laird Superfood
LSH,Lakeside Holding
LSPD.TO,Lightspeed Commerce
LSRCY,Lasertec
LSTR,Landstar System
LTBR,Lightbridge
LTC,LTC Properties
LTH,Life Time Group
LTM,Latam Airlines
LTRX,Lantronix
LU,Lufax
LUC.TO,Lucara Diamond
LUCD,Lucid Diagnostics
LUD,Luda Technology Group
LUG.TO,Lundin Gold
LULU,Lululemon Athletica
LUN.TO,Lundin Mining
LUNA,Luna Innovations
LUV,Southwest Airlines
LUVU,Luvu Brands
LVMUY,LVMH Moet Hennessy Louis Vuitton
LVS,Las Vegas Sands
LW,Lamb Weston
LWAY,Lifeway Foods
LWLG,Lightwave Logic
LX,LexinFintech
LXEO,Lexeo Therapeutics
LXRX,Lexicon Pharmaceuticals
LXU,LSB Industries
LYEL,Lyell Immunopharma
LYFT,Lyft
LYG,Lloyds Banking Group
LYRA,Lyra Therapeutics
LYSDY,Lynas Rare Earths
LYV,Live Nation Entertainment
LZ,Legalzoom.com
LZB,La-Z-Boy
LZM,Lifezone Metals
LZMH,LZ Technology Holdings
M,Macy's
MA,Mastercard
MAA,Mid-America Apartment Communities
MAC,Macerich
MACI,Melar Acquisition
MAIA,MAIA Biotechnology
MAIN,Main Street Capital
MAL.TO,Magellan Aerospace
MAMO,Massimo Group
MAN,ManpowerGroup
MANH,Manhattan Associates
MANU,Manchester United
MAQC,Maquia Capital Acquisition Corp
MAR,Marriott International
MARA,MARA Holdings
MARI.TO,Marimaca Copper
MARK,Remark
MARUY,Marubeni
MAS,Masco
MASI,Masimo
MASK,3 E Network Technology Group
MASS,908 Devices
MAT,Mattel
MATR.TO,Mattr
MATX,Matson
MAYA,Inflection Point Acquisition
MAZE,Maze Therapeutics
MBAV,M3-Brigade Acquisition V Corp
MBBC,Marathon Bancorp
MBC,Masterbrand
MBIO,Mustang Bio
MBLY,Mobileye Global
MBOT,Microbot Medical
MBRFY,MBRF Global Foods Company
MBRX,Moleculin Biotech
MBUU,Malibu Boats
MBX,MBX Biosciences
MC,Moelis & Co
MCB.TO,McCoy Global
MCD,McDonald's
MCFT,MasterCraft Boat
MCHP,Microchip Technology
MCK,McKesson
MCO,Moody's
MCRB,Seres Therapeutics
MCRP,Micropolis AI Robotics
MCY,Mercury General
MDA.TO,MDA Space
MDB,MongoDB
MDBH,MDB Capital Holdings
MDGL,Madrigal Pharmaceuticals
MDI.TO,Major Drilling Group International
MDIA,Mediaco
MDLZ,Mondelez International
MDNA.TO,Medicenna Therapeutics
MDP.TO,Medexus Pharmaceuticals
MDRR,Medalist Diversified REIT
MDU,MDU Resources
MDV,Modiv
MDXG,MiMedx
MED,Medifast
MEDP,Medpace
MEGL,Magic Empire Global
MEI,Methode Electronics
MELE.BR,Melexis
MELI,MercadoLibre
MENS,Jyong Biotech
MEQ.TO,Mainstreet Equity
MERC,Mercer International
MESA,Republic Airways Holdings
MESO,Mesoblast
MET,MetLife
METC,Ramaco Resources
METCB,Ramaco Resources
MFA,MFA Financial
MFC.TO,Manulife Financial Corp
MFG,Mizuho Financial Group
MFH,Chaince Digital Holdings
MFI,mF International
MFI.TO,Maple Leaf Foods
MG.TO,Magna International
MGA.TO,Magna International
MGAM,Mobile Global Esports
MGIC.TA,Magic Software Enterprises
MGIH,Millennium Group International Holdings
MGM,MGM Resorts International
MGNX,MacroGenics
MGPI,MGP Ingredients
MGRC,McGrath RentCorp
MGRT,Mega Fortune
MGRX,Mangoceuticals
MGTI,MGT Capital Investments
MGTX,MeiraGTx
MGX,Metagenomi
MGY,Magnolia Oil & Gas
MHK,Mohawk Industries
MHO,M/I Homes
MHUA,Meihua International Medical Technologies
MIDD,Middleby
MIELY,Mitsubishi Electric
MIGI,Mawson Infrastructure
MIMI,Mint Incorporation
MIRA,Mira Pharmaceuticals
MIRM,Mirum Pharmaceuticals
MITK,Mitek Systems
MITQ,Moving Image Technologies
MITSY,Mitsui & Co
MKC,McCormick & Co
MKDW,MKD Tech
MKKGY,Merck
MKL,Markel Group
MKP.TO,MCAN Mortgage
MKSI,MKS
MKTX,MarketAxess
MKZR,Mackenzie Realty Capital
MLCO,Melco Resorts & Entertainment
MLI,Mueller Industries
MLM,Martin Marietta Materials
MLP,Maui Land & Pineapple Company
MLSS,Milestone Scientific
MLYS,Mineralys Therapeutics
MMC,Marsh & McLennan
MMM,3M
MMSI,Merit Medical Systems
MMYT,MakeMyTrip
MNDR,Mobile-Health Network Solutions
MNKD,MannKind
MNOV,MediciNova
MNPR,Monopar Therapeutics
MNSO,MINISO Group
MNST,Monster Beverage
MNTK,Montauk Renewables
MO,Altria
MOBQ,Mobiquity Technologies
MOD,Modine Manufacturing
MODD,Modular Medical
MOGO.TO,Mogo
MOGU,MOGU
MOH,Molina Healthcare
MOMO,Hello Group
MONRY,Moncler
MORN,Morningstar
MOS,Mosaic
MOTS,Motus GI
MOV,Movado
MPC,Marathon Petroleum
MPNGY,Meituan
MPTI,M-Tron Industries
MPVD.TO,Mountain Province Diamonds
MPWR,Monolithic Power Systems
MQ,Marqeta
MQBKY,Macquarie
MRAAY,Murata Manufacturing
MRAI,Marpai
MRAM,Everspin Technologies
MRC.TO,Morguard
MRCY,Mercury Systems
MRD.TO,Melcor Developments
MRE.TO,Martinrea International
MREO,Mereo Biopharma
MRK,Merck & Co
MRKR,Marker Therapeutics
MRM,MEDIROM Healthcare Technologies
MRMD,MariMed
MRNA,Moderna
MRP,Millrose Properties
MRSN,Mersana Therapeutics
MRTN,Marten Transport
MRU.TO,Metro
MRVI,Maravai LifeSciences
MRVL,Marvell Technology
MS,Morgan Stanley
MSA,MSA Safety
MSAI,MultiSensor AI
MSC,Studio City International
MSCI,MSCI
MSCL.TO,Satellos Bioscience
MSEX,Middlesex Water
MSFD,Microsoft
MSFT,Microsoft
MSGE,Sphere Entertainment
MSGM,Motorsport Games
MSI,Motorola Solutions
MSM,MSC Industrial Direct
MSN,Emerson Radio
MSS,Maison Solutions
MSTR,Strategy
MSW,Ming Shing Group
MSWV,Main Street Financial Services
MTA,ArcelorMittal
MTB,M&T Bank
MTC,MMTEC
MTCH,Match Group
MTD,Mettler-Toledo International
MTDR,Matador Resources
MTH,Meritage Homes
MTL.TO,Mullen Group
MTLS,Materialise
MTN,Vail Resorts
MTNB,Matinas BioPharma
MTSI,MACOM Technology Solutions
MTSUY,Mitsubishi
MTY.TO,MTY Food
MTZ,MasTec
MU,Micron Technology
MUFG,Mitsubishi UFJ Financial Group
MUR,Murphy Oil
MUSA,Murphy USA
MUX,McEwen
MVIS,MicroVision
MWA,Mueller Water Products
MWYN,Marwynn Holdings
MX,Magnachip Semiconductor
MX.TO,Methanex
MXC,Mexco Energy
MXCT,MaxCyte
MXG.TO,Maxim Power
MXL,MaxLinear
MYGN,Myriad Genetics
MYO,Myomo
MYRG,MYR Group
MYSZ,My Size
MZDAY,Mazda Motor
NA,Nano Labs
NA.TO,National Bank of Canada
NAAS,NaaS Technology
NABL,N-able
NAMI,Jinxin Technology Holding
NANO.TO,Nano One Materials
NAOV,ENvue Medical
NAT,Nordic American Tankers
NATL,NCR Atleos
NAVI,Navient
NBA.LS,Novabase
NBBK,NB Bancorp
NBHC,National Bank Holdings
NBIX,Neurocrine Biosciences
NBN,Northeast Bank
NBY,NovaBay Pharmaceuticals
NC,NACCO Industries
NCDL,Nuveen Churchill Direct Lending
NCEW,New Century Logistics
NCI,Neo-Concept International
NCL,Northann Corp
NCLH,Norwegian Cruise Line
NCMI,National CineMedia
NCNA,NuCana
NCNO,nCino
NCSM,NCS Multistage
NCT,Intercont Cayman
NCTY,The9
NDAQ,Nasdaq
NDM.TO,Northern Dynasty Minerals
NDRA,ENDRA Life Sciences
NDSN,Nordson
NEE,NextEra Energy
NEM,Newmont
NEO,NeoGenomics
NEO.TO,Neo Performance Materials
NEOG,Neogen
NEON,Neonode
NEOV,NeoVolta
NERV,Minerva Neurosciences
NESR,National Energy Services Reunited
NET,Cloudflare
NEWT,NewtekOne
NEXA,Nexa Resources
NEXI,NexImmune
NEXT,NextDecade
NEXT.TO,NextSource Materials
NFE,New Fortress Energy
NFG,National Fuel Gas
NFI.TO,NFI Group
NG.TO,Novagold Resources
NGD.TO,New Gold
NGEX.TO,NGEx Minerals
NGG,National Grid
NGKSY,Niterra Co
NGL.L,National Grid
NGLOY,Anglo American
NGS,Natural Gas Services Group
NHI,National Health Investors
NHIC,Evolv Technologies
NHTC,Natural Health Trends
NHYDY,Norsk Hydro
NI,NiSource
NICE,Nice
NINE,Nine Energy Service
NINOY,Nikon
NIO,NIO
NIPG,NIP Group
NIU,Niu Technologies
NJDCY,Nidec
NKE,Nike
NKRKY,Nokian Renkaat
NKTX,Nkarta
NL,NL Industries
NLCP,Newlake Capital Partners
NLOP,NET Lease Office Properties
NLST,Netlist
NLY,Annaly Capital Management
NMAX,Newsmax
NMFC,New Mountain Finance
NMIH,NMI
NMM,Navios Maritime Partners
NMR,Nomura Holdings
NMRA,Neumora Therapeutics
NMRD,Nemaura Medical
NMRK,Newmark
NMTC,NeuroOne Medical Technologies
NNDM,Nano Dimension
NNE,NANO Nuclear Energy
NNN,NNN REIT
NNNN,Anbio Biotechnology
NNVC,NanoViricides
NOA.TO,North American Construction
NOC,Northrop Grumman
NOG,Northern Oil and Gas
NOK,Nokia
NOMD,Nomad Foods
NOS.LS,NOS
NOV,NOV
NOW,ServiceNow
NPB,Northpointe Bancshares
NPI.TO,Northland Power
NPK,National Presto Industries
NPSNY,Naspers
NRDBY,Nordea Bank
NRDS,NerdWallet
NREF,Nexpoint Real Estate Finance
NRG,NRG Energy
NRIX,Nurix Therapeutics
NRXS,Neuraxis
NSANY,Nissan Motor
NSC,Norfolk Southern
NSP,Insperity
NSPR,InspireMD
NSSC,Napco Security Technologies
NSYS,Nortech Systems
NTAP,NetApp
NTB,Bank of NT Butterfield & Son
NTCL,Netclass Technology
NTCT,NetScout Systems
NTDOY,Nintendo
NTES,NetEase
NTGR,NETGEAR
NTHD,Northrop Grumman
NTIC,Northern Technologies International
NTLA,Intellia Therapeutics
NTNX,Nutanix
NTOIY,Neste
NTR.TO,Nutrien
NTRA,Natera
NTRB,Nutriband
NTST,NETSTREIT
NTWK,NetSol Technologies
NTWO,Newbury Street II Acquisition Corp
NTZ,Natuzzi
NU,NU Holdings
NUAG.TO,New Pacific Metals
NUE,Nucor
NUMI.TO,Numinus Wellness
NUS,Nu Skin Enterprises
NUTX,Nutex Health
NUVL,Nuvalent
NVA.TO,NuVista Energy
NVAX,Novavax
NVCR,Novocure
NVCT,Nuvectis Pharma
NVDA,Nvidia
NVDD,Nvidia
NVEC,NVE
NVFY,XMAX
NVG.LS,Navigator
NVO,Novo Nordisk
NVO.TO,Novo Resources
NVOS,Novo Integrated Sciences
NVR,NVR
NVS,Novartis
NVX,Novonix
NWBI,Northwest Bancshares
NWBO,Northwest Biotherapeutics
NWC.TO,North West Co
NWG,NatWest
NWL,Newell Brands
NWN,Northwest Natural
NWS,News Corp
NWSA,News Corp
NXE.TO,NexGen Energy
NXGL,Nexgel
NXL,Nexalin Technology
NXST,Nexstar Media
NXT,Nextpower
NYT,New York Times
NYXH.BR,Nyxoah
O,Realty Income
OAKU,Oak Woods Acquisition
OBE.TO,Obsidian Energy
OBLG,TaoWeave
OC,Owens Corning
OCFT,OneConnect Financial Technology
OCG,Oriental Culture
OCGN,Ocugen
OCSL,Oaktree Specialty Lending
OCUL,Ocular Therapeutix
ODFL,Old Dominion Freight Line
OESX,Orion Energy Systems
OFG,OFG Bancorp
OGC.TO,OceanaGold
OGE,OGE Energy
OGEN,Oragenics
OGI.TO,Organigram Global
OGN,Organon & Co
OHI,Omega Healthcare Investors
OII,Oceaneering International
OIS,Oil States International
OKE,ONEOK
OKTA,Okta
OKYO,OKYO Pharma
OLA.TO,Orla Mining
OLB,OLB
OLED,Universal Display
OLLI,Ollie's Bargain Outlet
OLMA,Olema Pharmaceuticals
OLN,Olin
OLP,One Liberty Properties
OLPX,Olaplex
OLY.TO,Olympia Financial Group
OM,Outset Medical
OMC,Omnicom
OMDA,Omada Health
OMER,Omeros
OMEX,Odyssey Marine Exploration
OMF,OneMain
OMH,Ohmyhome
OMI,Owens & Minor
OMQS,OMNIQ
OMRNY,Omron
OMV.VI,OMV
ON,ON Semiconductor
ONDS,Ondas
ONEG,OneConstruction
ONEW,OneWater Marine
ONEX.TO,Onex
ONFO,Onfolio Holdings
ONL,Orion Properties
ONTF,ON24
ONTO,Onto Innovation
OP,OceanPal
OPCH,Option Care Health
OPGN,OpGen
OPHC,OptimumBank
OPK,OPKO Health
OPRA,Opera
OPRX,OptimizeRx
OPTT,Ocean Power Technologies
OPXS,Optex Systems
OR.TO,OR Royalties
ORA,Ormat Technologies
ORC,Orchid Island Capital
ORCL,Oracle
ORE.TO,Orezone Gold
ORGO,Organogenesis
ORGS,Orgenesis
ORI,Old Republic International
ORIC,ORIC Pharmaceuticals
ORINY,Orion
ORIS,Oriental Rise Holdings
ORKT,Orangekloud Technology
ORLY,O'Reilly Automotive
ORMP,Oramed Pharmaceuticals
ORRF,Orrstown Financial Services
OS,Onestream
OSCR,Oscar Health
OSIS,OSI Systems
OSK,Oshkosh
OSPN,OneSpan
OSS,One Stop Systems
OST,Ostin Technology Group
OSTX,OS Therapies
OSUR,OraSure Technologies
OSW,OneSpaWorld Holdings
OTCM,OTC Markets Group
OTEX.TO,Open Text
OTGLY,CD Projekt
OTIS,Otis Worldwide
OTLK,Outlook Therapeutics
OTLY,Oatly
OTSKY,Otsuka
OUKPY,Metso Corporation
OUT,Outfront Media
OVID,Ovid Therapeutics
OVV,Ovintiv
OXBR,Oxbridge Re
OXLC,Oxford Lane Capital
OXSQ,Oxford Square Capital
OXUR.BR,Oxurion
OXY,Occidental Petroleum
OZK,Bank
PAAS.TO,Pan American Silver
PAC,Grupo Aeroportuario del Pacifico
PACB,Pacific Biosciences of California
PACS,PACS Group
PAG,Penske Automotive
PAGP,Plains GP
PAGS,Pagseguro Digital
PAHC,Phibro Animal Health
PAL,Proficient Auto Logistics
PAL.VI,Palfinger
PAM,Pampa Energia
PANL,Pangaea Logistics Solutions
PANW,Palo Alto Networks
PAR,PAR Technology
PARD,Parker-Hannifin
PARR,Par Pacific
PASG,Passage Bio
PATH,UiPath
PAVM,PAVmed
PAX,Patria Investments
PAY,Paymentus
PAYC,Paycom Software
PAYS,Paysign
PAYX,Paychex
PBF,PBF Energy
PBH,Prestige Consumer Healthcare
PBH.TO,Premium Brands
PBI,Pitney Bowes
PBL.TO,Pollard Banknote
PBR,Petroleo Brasileiro
PBYI,Puma Biotechnology
PCAP,ProCap Acquisition
PCAR,PACCAR
PCG,PG&E
PCH,PotlatchDeltic
PCOR,Procore Technologies
PCSA,Processa Pharmaceuticals
PCSC,Perceptive Capital Solutions
PCTY,Paylocity
PCVX,Vaxcyte
PCYO,Pure Cycle
PD,PagerDuty
PD.TO,Precision Drilling
PDD,PDD Holdings
PDEX,Pro-Dex
PDN.AX,Paladin Energy
PDSB,PDS Biotechnology
PEBO,Peoples Bancorp
PED,PEDEVCO
PEG,Public Service Enterprise
PEGA,Pegasystems
PEN,Penumbra
PENN,Penn Entertainment
PEP,PepsiCo
PEPG,PepGen
PERI.TA,Perion Network
PESI,Perma-Fix Environmental Services
PET.TO,Pet Valu
PETS,PetMed Express
PETV,PetVivo
PETZ,TDH
PEY.TO,Peyto Exploration & Development
PFE,Pfizer
PFG,Principal Financial Group
PFGC,Performance Food
PFLT,PennantPark Floating Rate Capital
PFSI,PennyMac Financial Services
PG,Procter & Gamble
PGEN,Precigen
PGNY,Progyny
PGR,Progressive
PGTK,Pacific Green Technologies
PH,Parker-Hannifin
PHAT,Phathom Pharmaceuticals
PHCG,Pure Harvest Corp
PHGE,BiomX
PHH,Park Ha Biological Technology
PHIN,Phinia
PHIO,Phio Pharmaceuticals
PHM,PulteGroup
PHOE,Phoenix Asia Holdings
PHR.LS,Pharol
PHUN,Phunware
PHX.TO,PHX Energy Services
PI,Impinj
PIF.TO,Polaris Renewable Energy
PII,Polaris
PINS,Pinterest
PK,Park Hotels & Resorts
PKE,Park Aerospace
PKG,Packaging Corp of America
PKOH,Park-Ohio
PKX,POSCO
PLAB,Photronics
PLAG,Planet Green
PLAY,Dave & Buster's Entertainment
PLCE,Children's Place
PLD,Prologis
PLMK,Plum Acquisition Corp IV
PLMR,Palomar
PLNT,Planet Fitness
PLRX,Pliant Therapeutics
PLSE,Pulse Biosciences
PLTK,Playtika
PLTR,Palantir
PLUG,Plug Power
PLUT,Plutus Financial Group
PLX,Protalix BioTherapeutics
PLXS,Plexus
PLYM,Plymouth Industrial REIT
PM,Philip Morris International
PMAX,Powell Max
PMCB,PharmaCyte Biotech
PMET.TO,PMET Resources
PMTR,Perimeter Acquisition Corp I
PMTS,CPI Card
PN,Skycorp Solar Group
PNBK,Patriot National Bancorp
PNC,PNC Financial Services
PNDRY,Pandora
PNE.TO,Pine Cliff Energy
PNFP,Pinnacle Financial Partners
PNGAY,Ping An Insurance
PNNT,PennantPark Investment
PNP.TO,Pinetree Capital
PNRG,PrimeEnergy Resources
PNW,Pinnacle West Capital
POAHY,Porsche Automobil Holding
POAI,Axe Compute
PODC,PodcastOne
PODD,Insulet
POLA,Polar Power
POLE,Andretti Acquisition Corp II
PONY,Pony AI
POOL,Pool
POS.VI,Porr
POU.TO,Paramount Resources
POW.TO,Power Corp of Canada
POWI,Power Integrations
POWL,Powell Industries
POWW,Outdoor Holding
PPC,Pilgrim's Pride
PPG,PPG Industries
PPIH,Perma-Pipe International
PPL,PPL
PPL.TO,Pembina Pipeline
PPR.TO,Prairie Provident Resources
PPRUY,Kering
PPSI,Pioneer Power Solutions
PPTA.TO,Perpetua Resources
PRAA,PRA Group
PRAX,Praxis Precision Medicines
PRB.TO,Probe Gold
PRCT,PROCEPT BioRobotics
PRDL,Predator Oil & Gas
PRE,Prenetics Global
PRGS,Progress Software
PRI,Primerica
PRL.TO,Propel
PRLB,Proto Labs
PRLD,Prelude Therapeutics
PRME,Prime Medicine
PRN.TO,Profound Medical
PROP,Prairie Operating
PROX.BR,Proximus
PRPH,ProPhase Labs
PRPL,Purple Innovation
PRPO,Precipio
PRQ.TO,Petrus Resources
PRTS,CarParts.com
PRU,Prudential Financial
PRU.AX,Perseus Mining
PRVA,Privia Health
PRYMY,Prysmian
PSA,Public Storage
PSBD,Palmer Square Capital BDC
PSD.TO,Pulse Seismic
PSEC,Prospect Capital
PSHG,Performance Shipping
PSI.TO,Pason Systems
PSIX,Power Solutions International
PSK.TO,PrairieSky Royalty
PSMT,PriceSmart
PSN,Parsons
PSNL,Personalis
PSO,Pearson
PSTG,Pure Storage
PSTV,Plus Therapeutics
PSX,Phillips 66
PT,Pintec Technology
PTC,PTC
PTCT,PTC Therapeutics
PTEN,Patterson-UTI Energy
PTGX,Protagonist Therapeutics
PTHL,Pheton
PTIX,Protagenic Therapeutics
PTLE,PTL
PTLO,Portillo's
PTM.TO,Platinum Group Metals
PTON,Peloton Interactive
PTPI,Petros Pharmaceuticals
PUBM,PubMatic
PUK,Prudential
PULM,Pulmatrix
PUMP,ProPetro
PUMSY,Puma
PURE,PURE Bioscience
PVH,PVH
PW,Power REIT
PWR,Quanta Services
PXLW,Pixelworks
PXMD,PaxMedica
PXS,Pyxis Tankers
PXT.TO,Parex Resources
PYPL,PayPal
PYR.TO,PyroGenesis
PYXS,Pyxis Oncology
PZA.TO,Pizza Pizza Royalty
PZG,Paramount Gold Nevada
PZZA,Papa John's International
QCOM,Qualcomm
QD,High Templar Tech
QDEL,QuidelOrtho
QETA,Quetta Acquisition
QFIN,Qfin Holdings
QH,Quhuo
QIPT.TO,Quipt Home Medical
QLYS,Qualys
QMCI,QuoteMedia
QMCO,Quantum
QMMM,QMMM Holdings
QRVO,Qorvo
QSG,Here Group
QSR.TO,Restaurant Brands International
QTRH.TO,Quarterhill
QTRX,Quanterix
QTWO,Q2
QUBT,Quantum Computing
QUIK,QuickLogic
R,Ryder System
RAIL,FreightCar America
RAL,Ralliant Corp
RAM.LS,Ramada Investimentos E Industria
RAMP,LiveRamp
RANG,Range Capital Acquisition
RANI,Rani Therapeutics
RAPP,Rapport Therapeutics
RAPT,RAPT Therapeutics
RARE,Ultragenyx Pharmaceutical
RAY,Raytech
RAYA,Erayak Power Solution Group
RBA.TO,RB Global
RBBN,Ribbon Communications
RBC,Regal Rexnord
RBI.VI,Raiffeisen Bank International
RBLX,Roblox
RBNE,Robin Energy
RBRK,Rubrik
RBY.TO,Rubellite Energy
RC,Ready Capital
RCAR,RenovaCare
RCAT,Red Cat
RCH.TO,Richelieu Hardware
RCKT,Rocket Pharmaceuticals
RCL,Royal Caribbean Cruises
RCMT,RCM Technologies
RCON,Recon Technology
RCPL.L,RIT Capital Partners
RCRUY,Recruit
RCUS,Arcus Biosciences
RDAC,Rising Dragon Acquisition Corp
RDAG,Republic Digital Acquisition
RDDT,Reddit
RDHL,Redhill Biopharma
RDIB,Reading International (Class B)
RDNT,RadNet
REAL,RealReal
REAL.TO,Real Matters
RECT,Rectitude Holdings
REED,Reed's
REFI,Chicago Atlantic Real Estate Finance
REG,Regency Centers
REGN,Regeneron Pharmaceuticals
REI,Ring Energy
REKR,Rekor Systems
RELL,Richardson Electronics
RELX,RELX
RELY,Remitly Global
RENE.LS,REN - Redes Energeticas Nacionais
RENT,Rent the Runway
REPL,Replimune
REPYY,Repsol
RERE,ATRenew
RES,RPC
RETO,Reto Eco-solutions
REVG,REV
REXR,Rexford Industrial Realty
REZI,Resideo Technologies
RF,Regions Financial
RFAI,RF Acquisition Corp II
RFIL,RF Industries
RFL,Rafael
RGA,Reinsurance Group of America
RGC,Regencell Bioscience
RGEN,Repligen
RGLD,Royal Gold
RGNX,Regenxbio
RGR,Sturm Ruger & Co
RGS,Regis
RH,RH
RHEP,Regional Health Properties
RHHBY,Roche
RHI,Robert Half
RHLD,Resolute Holdings Management
RIBT,RiceBran Technologies
RICK,RCI Hospitality
RIGL,Rigel Pharmaceuticals
RILY,B Riley Financial
RIO,Rio Tinto
RIO.TO,Rio2
RIOL.L,Rio Tinto
RIOT,Riot Platforms
RITR,Reitar Logtech
RIVN,Rivian Automotive
RJF,Raymond James Financial
RKDA,Arcadia Biosciences
RKT,Rocket Companies
RKUNY,Rakuten
RL,Ralph Lauren
RLAY,Relay Therapeutics
RLI,RLI
RLMD,Relmada Therapeutics
RLX,RLX Technology
RLYB,Rallybio
RMAX,RE/MAX
RMBS,Rambus
RMCF,Rocky Mountain Chocolate Factory
RMD,ResMed
RMNI,Rimini Street
RMR,RMR Group
RMTI,Rockwell Medical
RNA,Avidity Biosciences
RNAZ,TransCode Therapeutics
RNECY,Renesas Electronics
RNG,RingCentral
RNR,RenaissanceRe
RNST,Renasant
RNVA,Rennova Health
RNXT,RenovoRx
ROAD,Construction Partners
ROCK,Gibraltar Industries
ROK,Rockwell Automation
ROKU,Roku
ROL,Rollins
ROLR,High Roller Technologies
ROMA,Roma Green Finance
ROOT,Root
ROP,Roper Technologies
ROST,Ross Stores
RPD,Rapid7
RPID,Rapid Micro Biosystems
RPM,RPM International
RPTX,Repare Therapeutics
RR,Richtech Robotics
RRC,Range Resources
RRGB,Red Robin Gourmet Burgers
RRR,Red Rock Resorts
RS,Reliance
RSG,Republic Services
RSI.TO,Rogers Sugar
RTAC,Renatus Tactical Acquisition Corp I
RUN,Sunrun
RUP.TO,Rupert Resources
RUS.TO,Russel Metals
RVLV,Revolve
RVMD,REVOLUTION Medicines
RVP,Retractable Technologies
RWAY,Runway Growth Finance
RXO,RXO
RXRX,Recursion Pharmaceuticals
RXT,Rackspace Technology
RY.TO,Royal Bank of Canada
RYAAY,Ryanair
RYAN,Ryan Specialty
RYCEY,Rolls-Royce
RYES,Rise Gold
RYI,Ryerson
RYN,Rayonier
RYTM,Rhythm Pharmaceuticals
S,SentinelOne
S.TO,Sherritt International
SAABY,Saab
SABR,Sabre
SACH,Sachem Capital
SAFE,Safehold
SAIA,Saia
SAIC,Science Applications International
SALM,Salem Media
SAM,Boston Beer
SAN,Banco Santander
SANA,Sana Biotechnology
SANM,Sanmina
SAP,SAP
SAP.TO,Saputo
SAR,Saratoga Investment
SARO,StandardAero
SATS,EchoStar
SAVA,Cassava Sciences
SAXPY,Sampo
SB,Safe Bulkers
SBAC,SBA Communications
SBC,SBC Medical Group
SBEV,Splash Beverage
SBFM,Sunshine Biopharma
SBLK,Star Bulk Carriers
SBNY,Signature Bank
SBRA,Sabra Health Care REIT
SBSNY,Vend Marketplaces
SBUX,Starbucks
SBXD,Silverbox Corp IV
SCCO,Southern Copper
SCHL,Scholastic
SCHW,Charles Schwab
SCI,Service Corp International
SCKT,Socket Mobile
SCL,Stepan
SCLX,Scilex
SCM,Stellus Capital Investment
SCPS,Scopus Biopharma
SCR.TO,Strathcona Resources
SCSC,ScanSource
SCVL,Shoe Carnival
SCYX,SCYNEXIS
SD,SandRidge Energy
SDE.TO,Spartan Delta
SDGR,Schrodinger
SDHI,Siddhi Acquisition
SDM,Smart Digital Group Ltd
SDVKY,Sandvik
SDZNY,Sandoz Group
SEA.TO,Seabridge Gold
SEAC,SeaChange International
SEC.TO,Senvest Capital
SEDG,SolarEdge Technologies
SEE,Sealed Air
SEED,Origin Agritech
SEER,Seer
SEG,Seaport Entertainment Group
SEIC,SEI Investments
SELF,Global Self Storage
SEM.LS,Semapa-Sociedade de Investimento e Gestao
SEMR,SEMrush
SENR,Strategic Environmental & Energy Resources
SENS,Senseonics
SEOAY,Stora Enso
SEPN,Septerna
SES.TO,Secure Waste Infrastructure
SEZL,Sezzle
SF,Stifel Financial
SFBS,ServisFirst Bancshares
SFD,Smithfield Foods
SFHG,Samfine Creation
SFIX,Stitch Fix
SFL,SFL
SFM,Sprouts Farmers Market
SFTBY,SoftBank
SFWL,Shengfeng Development
SGBX,Safe & Green
SGD,RenX Enterprises
SGIOY,Shionogi & Co
SGMO,Sangamo Therapeutics
SGMT,Sagimet Biosciences
SGRP,SPAR
SGRY,Surgery Partners
SGU,Star Group
SGY.TO,Surge Energy
SHAK,Shake Shack
SHEL,Shell
SHEN,Shenandoah Telecommunications
SHIM,Shimmick
SHIP,Seanergy Maritime
SHLE.TO,Source Energy Services
SHLS,Shoals Technologies
SHO,Sunstone Hotel Investors
SHOO,Steven Madden
SHOP.TO,Shopify
SHPH,Shuttle Pharmaceuticals
SHRG,Sharing Services Global
SHW,Sherwin-Williams
SIA.TO,Sienna Senior Living
SID,Cia Siderurgica Nacional
SIDU,Sidus Space
SIEB,Siebert Financial
SIFY,Sify Technologies
SIG,Signet Jewelers
SIGA,SIGA Technologies
SIGI,Selective Insurance
SII.TO,Sprott
SIM,Grupo Simec
SIMO,Silicon Motion Technology
SINT,SiNtx Technologies
SION,Sionna Therapeutics
SIRI,Sirius XM
SIS.TO,Savaria
SITC,SITE Centers
SITM,SiTime
SJ,Scienjoy
SJ.TO,Stella-Jones
SJM,J M Smucker
SKBL,Skyline Builders Group
SKE.TO,Skeena Resources
SKT,Tanger
SKWD,Skyward Specialty Insurance Group
SKYE,Skye Bioscience
SKYT,SkyWater Technology
SKYW,SkyWest
SKYX,SKYX Platforms
SLAB,Silicon Laboratories
SLB,SLB
SLDB,Solid Biosciences
SLDE,Slide Insurance Holdings
SLF.TO,Sun Life Financial
SLG,SL Green Realty
SLM,SLM
SLN,Silence Therapeutics
SLNG,Stabilis Solutions
SLNO,Soleno Therapeutics
SLP,Simulations Plus
SLQT,Selectquote
SLRC,SLR Investment
SLRX,Salarius Pharmaceuticals
SLS,SELLAS Life Sciences
SLS.TO,Solaris Resources
SLVM,Sylvamo
SM,SM Energy
SMA,Smartstop Self Storage
SMCI,Super Micro Computer
SMFG,Sumitomo Mitsui Financial Group
SMG,Scotts Miracle-Gro
SMLR,Semler Scientific
SMMNY,Siemens Healthineers
SMMT,Summit Therapeutics
SMNNY,Shimano
SMSI,Smith Micro Software
SMTC,Semtech
SMTK,SmartKem
SMXT,SolarMax Technology
SN,SharkNinja
SNA,Snap-on
SNAL,Snail
SNAP,Snap
SNBR,Sleep Number
SNCR,Synchronoss Technologies
SND,Smart Sand
SNGX,Soligenix
SNN,Smith & Nephew
SNOA,Sonoma Pharmaceuticals
SNOW,Snowflake
SNPS,Synopsys
SNRBY,Sunrise Communications
SNSE,Sensei Biotherapeutics
SNTG,Sentage
SNWV,SANUWAVE Health
SNX,TD Synnex
SNY,Sanofi
SNYR,Synergy CHC
SO,Southern
SOBKY,SoftBank
SOBO.TO,South Bow
SOBR,Sobr Safe
SOF.BR,Sofina
SOHO,Sotherly Hotels
SOHU,Sohu.com
SOIL.TO,Saturn Oil & Gas
SOLB.BR,Solvay
SOLV,Solventum
SON,Sonoco Products
SON.LS,Sonae
SONM,Sonim Technologies
SONO,Sonos
SONX,Sonendo
SOPA,Society Pass
SOS,SOS
SOTK,Sono-Tek
SOUN,SoundHound AI
SOY.TO,SunOpta
SPAI,Safe Pro Group
SPAL.L,1Spatial
SPAQ,Fisker
SPB.TO,Superior Plus
SPCE,Virgin Galactic
SPG,Simon Property
SPGI,S&P Global
SPHL,Springview
SPKL,Spark I Acquisition
SPMC,Sound Point Meridian Capital
SPNS,Sapiens International
SPOK,Spok
SPOL.L,Sportech
SPOT,Spotify Technology
SPPL,Simpple
SPRB,Spruce Biosciences
SPRO,Spero Therapeutics
SPRS,Surge Components
SPSC,SPS Commerce
SPT,Sprout Social
SPWH,Sportsman's Warehouse
SPWR,SunPower
SPXC,SPX Technologies
SPXCY,Singapore Exchange
SPXL.L,Spirax Group
SQM,Sociedad Quimica y Minera de Chile
SQNS,Sequans Communications
SRAX,SRAX
SRBK,SR Bancorp
SRCE,1st Source
SRE,Sempra
SRFM,Surf Air Mobility
SRG,Seritage Growth Properties
SRGHY,Shoprite
SRNE,Sorrento Therapeutics
SRPT,Sarepta Therapeutics
SRRK,Scholar Rock
SRTS,Sensus Healthcare
SSB,SouthState Bank
SSD,Simpson Manufacturing
SSDOY,Shiseido
SSEL.L,SSE
SSII,SS Innovations International
SSL,Sasol
SSMXY,Sysmex
SSNC,SS&C Technologies
SSRM.TO,SSR Mining
SSSS,SuRo Capital
SSTK,Shutterstock
SSUMY,Sumitomo
STAA,STAAR Surgical
STAG,STAG Industrial
STAK,Stak
STC.TO,Sangoma Technologies
STCK.TO,Stack Capital Group
STEP.TO,STEP Energy Services
STG,Sunlands Technology
STGO.TO,Steppe Gold
STIM,Neuronetics
STKS,ONE Group Hospitality
STLD,Steel Dynamics
STLE,Steele Bancorp
STM,STMicroelectronics
STMH,Stem
STN.TO,Stantec
STNE,StoneCo
STNG,Scorpio Tankers
STOK,Stoke Therapeutics
STR.VI,Strabag
STRA,Strategic Education
STRL,Sterling Infrastructure
STRT,Strattec Security
STRW,Strawberry Fields REIT
STSS,Sharps Technology
STT,State Street
STZ,Constellation Brands
SU.TO,Suncor Energy
SUHJY,Sun Hung Kai Properties
SUI,Sun Communities
SUPN,Supernus Pharmaceuticals
SUPV,Grupo Supervielle
SURG,SurgePays
SUZ,Suzano
SVA.TO,Sernova Biotherapeutics
SVBL,Silver Bull Resources
SVCC,Stellar V Capital
SVCO,Silvaco Group
SVI.TO,StorageVault Canada
SVII,Spring Valley Acquisition Corp II
SVM.TO,Silvercorp Metals
SVNDY,Seven & i
SVRA,Savara
SVTL.L,Severn Trent
SVV,Savers Value Village
SWAG,Nogin
SWBI,Smith & Wesson Brands
SWIM,Latham
SWIN,Solowin Holdings
SWK,Stanley Black & Decker
SWKS,Skyworks Solutions
SWP.PA,Sodexo
SWRAY,Swire Pacific
SWX,Southwest Gas
SXC,SunCoke Energy
SXP.TO,Supremex
SXT,Sensient Technologies
SXTC,China SXT Pharmaceuticals
SXTP,60 Degrees Pharmaceuticals
SYBX,Synlogic
SYENS.BR,Syensqo
SYF,Synchrony Financial
SYK,Stryker
SYNA,Synaptics
SYPR,Sypris Solutions
SYRS,Syros Pharmaceuticals
SYSX,Sysorex
SYY,Sysco
SYZ.TO,Sylogist
SZZL,Critical Metal
T,AT&T
TA.TO,TransAlta
TAIT,Taitron Components
TAK,Takeda Pharmaceutical
TAL,TAL Education
TAL.TO,PetroTal
TALO,Talos Energy
TANH,Tantech
TAOP,Taoping
TAP,Molson Coors Beverage (Class B)
TARA,Protara Therapeutics
TARS,Tarsus Pharmaceuticals
TASK,TaskUS
TATT.TA,TAT Technologies
TAYD,Taylor Devices
TBBB,BBB Foods
TBH,Brag House Holdings
TBI,TrueBlue
TBL.TO,Taiga Building Products
TBLT,Toughbuilt Industries
TBMC,Trailblazer
TBN,Tamboran Resources
TBPH,Theravance Biopharma
TC,Tucows
TCBX,Third Coast Bancshares
TCEHY,Tencent
TCOM,Trip.com
TCPC,BlackRock TCP Capital
TCRX,TScan Therapeutics
TCS.TO,TECSYS
TCW.TO,Trican Well Service
TD.TO,Toronto-Dominion Bank
TDAC,Lottery.com
TDC,Teradata
TDG,TransDigm
TDOC,Teladoc Health
TDS,Telephone and Data Systems
TDSA.LS,Teixeira Duarte
TDTH,Trident Digital Tech
TDUP,ThredUp
TDW,Tidewater
TDY,Teledyne Technologies
TEAM,Atlassian
TECH,Bio-Techne
TEF,Telefonica
TELO,Telomir Pharmaceuticals
TEM,Tempus AI
TENB,Tenable
TENX,Tenax Therapeutics
TER,Teradyne
TERN,Terns Pharmaceuticals
TEVA,Teva Pharmaceutical Industries
TEX,Terex
TF.TO,Timbercreek Financial Corp
TFC,Truist Financial
TFII.TO,TFI International
TFPM.TO,Triple Flag Precious Metals
TFSL,TFS Financial
TFX,Teleflex
TGEN,Tecogen
TGLS,Tecnoglass
TGO.TO,TeraGo
TGS,Transportadora de Gas del Sur
TGT,Target
TGTX,TG Therapeutics
TH,Target Hospitality
THC,Tenet Healthcare
THFF,First Financial
THMO,ThermoGenesis
THNC.TO,Thinkific Labs
THO,Thor Industries
THRY,Thryv
THS,TreeHouse Foods
TIC,TIC Solutions
TIGR,Up Fintech
TIH.TO,Toromont Industries
TIL,Instil Bio
TIPT,Tiptree
TIRX,Tian Ruixiang
TISI,Team
TITN,Titan Machinery
TJX,TJX Companies
TK,Teekay Corp Ltd
TKA.VI,Telekom Austria
TKC,Turkcell Iletisim Hizmetleri
TKLF,Tokyo Lifestyle Co
TKO.TO,Taseko Mines
TLG.TO,Troilus Mining
TLIH,Ten-League International Holdings
TLK,Telkom Indonesia
TLNE,Talen Energy
TLRY,Tilray Brands
TLS,Telos
TLSA,Tiziana Life Sciences
TLSS,Transportation and Logistics Systems
TLX,Telix Pharmaceuticals
TM,Toyota Motor
TMDE,TMD Energy
TMDX,TransMedics
TME,Tencent Music Entertainment
TMO,Thermo Fisher Scientific
TMRC,Texas Mineral Resources
TMUS,T-Mobile US
TMVWY,TeamViewer
TNC,Tennant
TNDM,Tandem Diabetes Care
TNK,Teekay Tankers
TNON,Tenon Medical
TNXP,Tonix Pharmaceuticals
TNYA,Tenaya Therapeutics
TNZ.TO,Tenaz Energy
TOELY,Tokyo Electron
TOL,Toll Brothers
TOP,TOP Financial Group
TOPP,Toppoint
TOPPY,TOPPAN Holdings
TOPS,TOP Ships
TORO,Toro Corp
TOST,Toast
TOT.TO,Total Energy Services
TOU.TO,Tourmaline Oil
TOY.TO,Spin Master
TPB,Turning Point Brands
TPCS,TechPrecision
TPET,Trio Petroleum
TPG,TPG
TPHS,Trinity Place
TPL,Texas Pacific Land
TPR,Tapestry
TPVG,TriplePoint Venture Growth BDC
TPZ.TO,Topaz Energy
TREE,LendingTree
TREX,Trex
TRGP,Targa Resources
TRI.TO,Thomson Reuters
TRIB,Trinity Biotech
TRIN,Trinity Capital
TRIP,TripAdvisor
TRMB,Trimble
TRN,Trinity Industries
TRNR,Interactive Strength
TRNS,Transcat
TROW,T Rowe Price
TRP.TO,TC Energy
TRSG,Tungray Technologies
TRT,Trio-Tech International
TRU,TransUnion
TRUE,TrueCar
TRUMY,Terumo
TRUP,Trupanion
TRV,Travelers Companies
TRVG,Trivago
TRVI,Trevi Therapeutics
TRVN,Trevena
TRX.TO,TRX Gold
TRZ.TO,Transat AT
TS,Tenaris
TSAT.TO,Telesat
TSCO,Tractor Supply
TSEM.TA,Tower Semiconductor
TSHA,Taysha Gene Therapies
TSK.TO,Talisker Resources
TSL.TO,Tree Island Steel
TSLA,Tesla
TSLX,Sixth Street Specialty Lending
TSM,Taiwan Semiconductor Manufacturing
TSN,Tyson Foods
TSND.TO,TerrAscend
TSSI,TSS
TSU.TO,Trisura Group
TTAN,ServiceTitan
TTC,Toro
TTD,Trade Desk
TTEC,TTEC
TTEK,Tetra Tech
TTI,TETRA Technologies
TTMI,TTM Technologies
TTNM.TO,Titanium Transportation Group
TTOO,T2 Biosystems
TTWO,Take-Two Interactive Software
TURB,Turbo Energy
TUYA,Tuya
TV,Grupo Televisa
TVE.TO,Tamarack Valley Energy
TVK.TO,TerraVest Industries
TW,Tradeweb Markets
TWFG,TWFG
TWG,Top Wealth Group Holding
TWL.L,Taylor Wimpey
TWLO,Twilio
TWM.TO,Tidewater Midstream and Infrastructure
TWNP,Twin Hospitality Group
TWO,Two Harbors Investment
TWST,Twist Bioscience
TX,Ternium
TXG,10X Genomics
TXG.TO,Torex Gold Resources
TXMD,TherapeuticsMD
TXN,Texas Instruments
TXP.TO,Touchstone Exploration
TXRH,Texas Roadhouse
TXT,Textron
TYIDY,Toyota Industries
TYL,Tyler Technologies
TYRA,Tyra Biosciences
TZOO,Travelzoo
TZUP,Datacentrex
U,Unity Software
UA,Under Armour (Class A)
UAL,United Airlines
UAMY,United States Antimony
UAVS,AgEagle Aerial Systems
UBCP,United Bancorp
UBER,Uber Technologies
UBSFY,Ubisoft Entertainment
UBSI,United Bankshares
UBXG,U-BX Technology
UCAR,U Power
UCB.BR,UCB
UCL,Ucloudlink
UCTT,Ultra Clean
UDMY,Udemy
UDR,UDR
UEC,Uranium Energy
UFG,Uni-Fuels
UFPI,UFP Industries
UG,United-Guardian
UGI,UGI
UGP,Ultrapar Participacoes
UGRO,Urban-Gro
UHAL,U-Haul Holding
UHS,Universal Health Services
UIS,Unisys
ULBI,Ultralife
ULCC,Frontier Group
ULS,UL Solutions
ULTA,Ulta Beauty
ULY,Urgent.ly
UMAC,Unusual Machines
UMC,United Microelectronics
UMH,UMH Properties
UMI.BR,Umicore
UNCRY,UniCredit
UNCY,Unicycive Therapeutics
UNF,UniFirst
UNFI,United Natural Foods
UNH,UnitedHealth
UNI.TO,Unisync
UNICY,Unicharm
UNIT,Uniti
UNM,Unum
UNP,Union Pacific
UNTC,Unit Corp
UONE,Urban One
UONEK,Urban One
UOVEY,United Overseas Bank
UPB,Upstream Bio
UPC,Universe Pharmaceuticals
UPLD,Upland Software
UPMMY,UPM-Kymmene
UPS,United Parcel Service
UPST,Upstart
UPWK,Upwork
UQA.VI,UNIQA Insurance
URB.TO,Urbana
URBN,Urban Outfitters
URC.TO,Uranium Royalty
URE.TO,Ur-Energy
URI,United Rentals
USA.TO,Americas Gold & Silver
USB,US Bancorp
USEA,United Maritime
USEG,US Energy
USFD,US Foods
USGO,US Goldmining
UTHR,United Therapeutics
UTI,Universal Technical Institute
UTMD,Utah Medical Products
UTSI,UTStarcom
UUU,Universal Safety Products
UVE,Universal Insurance
UVV,Universal
UXIN,Uxin
V,Visa
VAF.LS,VAA Vista Alegre Atlantis
VAL,Valaris
VALE,Vale
VASTB.BR,Vastned Belgium
VAXX,Vaxxinity
VBNK.TO,VersaBank
VC,Visteon
VCIG,VCI Global
VCM.TO,Vecima Networks
VCNX,Vaccinex
VCYT,Veracyte
VECO,Veeco Instruments
VEEE,Twin Vee PowerCats
VEEV,Veeva Systems
VENU,Venu Holding
VEOEY,Veolia Environnement
VEON,VEON
VER.VI,Verbund
VERA,Vera Therapeutics
VERI,Veritone
VERO,Venus Concept
VERU,Veru
VERX,Vertex
VET.TO,Vermilion Energy
VFC,VF
VGZ.TO,Vista Gold
VHC,VirnetX
VHI.TO,Vitalhub
VIAV,Viavi Solutions
VICI,VICI Properties
VICR,Vicor
VIG.VI,Vienna Insurance Group AG Wiener Versicherung Gruppe
VIK,Viking Holdings
VINO,Gaucho Group
VIOT,Viomi Technology
VIPS,Vipshop
VIR,Vir Biotechnology
VIRC,Virco Mfg.
VIRT,Virtu Financial
VISL,Vislink Technologies
VIST,Vista Energy
VITL,Vital Farms
VIV,Telefonica Brasil
VIVE,Viveve Medical
VIVK,Vivakor
VKTX,Viking Therapeutics
VLE.TO,Valeura Energy
VLGEA,Village Super Market
VLN.TO,Velan
VLO,Valero Energy
VLOWY,Vallourec
VLRS,Controladora Vuela Cia de Aviacion
VLTO,Veralto
VLVLY,Volvo
VMC,Vulcan Materials
VNDA,Vanda Pharmaceuticals
VNET,Vnet
VNOM,Viper Energy
VNP.TO,5N Plus
VNRX,VolitionRX
VNT,Vontier
VNTG,Vantage
VOD,Vodafone
VOE.VI,voestalpine
VOXR.TO,Vox Royalty
VOYG,Voyager Technologies
VPG,Vishay Precision
VRAR,Glimpse
VRAX,Virax Biolabs
VRCA,Verrica Pharmaceuticals
VRME,VerifyMe
VRNOF,Verano
VRNS,Varonis Systems
VRPX,Virpax Pharmaceuticals
VRSK,Verisk Analytics
VRSN,VeriSign
VRT,Vertiv
VRTS,Virtus Investment Partners
VRTX,Vertex Pharmaceuticals
VS,Versus Systems
VSAT,Viasat
VSCO,Victoria's Secret & Co
VSH,Vishay Intertechnology
VSME,VS MEDIA
VST,Vistra
VSTA,Vasta Platform
VSTM,Verastem
VSTS,Vestis
VTGN,VistaGen Therapeutics
VTMX,Corp Inmobiliaria Vesta
VTR,Ventas
VTS,Vitesse Energy
VTSI,VirTra
VTVT,vTv Therapeutics
VTYX,Ventyx Biosciences
VUZI,Vuzix
VVOS,Vivos Therapeutics
VVV,Valvoline
VWAGY,Volkswagen
VWAPY,Volkswagen (Preferred)
VWDRY,Vestas Wind Systems
VXRT,Vaxart
VYGR,Voyager Therapeutics
VYNE,VYNE Therapeutics
VZ,Verizon Communications
VZLA.TO,Vizsla Silver
W,Wayfair Inc
WAB,Westinghouse Air Brake Technologies
WAFU,Wah Fu Education
WAL,Western Alliance Bancorp
WAT,Waters
WATT,Energous
WAVE,Eco Wave Power Global
WAY,Waystar
WB,Weibo
WBD,Warner Bros Discovery
WBIL,Woodbois
WBTN,Webtoon Entertainment
WBUY,Webuy Global
WCC,WESCO International
WCN.TO,Waste Connections
WCP.TO,Whitecap Resources
WCRS,Western Capital Resources
WCT,Wellchange Holdings
WD,Walker & Dunlop
WDAY,Workday
WDC,Western Digital
WDFC,WD-40
WDH,Waterdrop
WDO.TO,Wesdome Gold Mines
WDP.BR,Warehouses De Pauw
WEBS,Webster Financial
WEC,WEC Energy
WEED.TO,Canopy Growth
WEF.TO,Western Forest Products
WELL.TO,Well Health Technologies
WEN,Wendy's
WETO,Webus International
WEYS,Weyco
WFC,Wells Fargo & Co
WFC.TO,Wall Financial
WFF,WF Holding
WFG.TO,West Fraser Timber
WGO,Winnebago Industries
WGX.AX,Westgold Resources
WHD,Cactus
WHLM,Wilhelmina International
WHR,Whirlpool
WIE.VI,Wienerberger
WILD.TO,WildBrain
WIMI,WiMi Hologram Cloud
WING,Wingstop
WINT,Windtree Therapeutics
WIT,Wipro
WJX.TO,Wajax
WK,Workiva
WKEY,WISeKey International
WKHS,Workhorse
WKSP,Worksport
WLAC,Willow Lane Acquisition Corp
WLDN,Willdan
WLK,Westlake
WM,Waste Management
WM.TO,Wallbridge Mining
WMB,Williams
WMG,Warner Music
WMS,Advanced Drainage Systems
WMT,Walmart
WN.TO,George Weston
WNDR.TO,WonderFi Technologies
WNDW,SolarWindow Technologies
WNW,Meiwu Technology
WOK,WORK Medical Technology
WOOF,Petco Health & Wellness
WORX,SCWorx
WPC,WP Carey
WPK.TO,Winpak
WPM.TO,Wheaton Precious Metals
WPRT.TO,Westport Fuel Systems
WRB,W R Berkley
WRBY,Warby Parker
WRD,WeRide
WRG.TO,Western Energy Services
WRN.TO,Western Copper & Gold
WS,Worthington Steel
WSBC,WesBanco
WSBF,Waterstone Financial
WSBK,Winchester Bancorp
WSC,WillScot Holdings
WSM,Williams-Sonoma
WSO,Watsco
WSP.TO,WSP Global
WSR,Whitestone REIT
WST,West Pharmaceutical Services
WTE.TO,Westshore Terminals Investment
WTEL.L,Westmount Energy
WTER,Alkaline Water
WTF,Waton Financial
WTI,W&T Offshore
WTRG,Essential Utilities
WTS,Watts Water Technologies
WU,Western Union
WVVI,Willamette Valley Vineyards
WW,WW International
WWR,Westwater Resources
WWW,Wolverine World Wide
WXM,WF International
WY,Weyerhaeuser
WYHG,Wing Yip Food China Holdings
WYNN,Wynn Resorts
WYY,WidePoint
X.TO,TMX Group
XAIR,Beyond Air
XBIO,Xenetic Biosciences
XCH,XCHG
XCUR,Exicure
XEL,Xcel Energy
XELA,Exela Technologies
XELB,Xcel Brands
XERS,Xeris Biopharma
XFOR,X4 Pharmaceuticals
XGN,Exagen
XHLD,TEN Holdings
XHR,Xenia Hotels & Resorts
XIACY,Xiaomi
XIOR.BR,Xior Student Housing
XISHY,Xinyi Solar
XNET,Xunlei
XOM,Exxon Mobil
XOMA,XOMA Royalty Corporation
XP,XP
XPEL,XPEL
XPER,Adeia
XPEV,XPeng
XPL,Solitario Resources
XPO,XPO
XPOF,Xponential Fitness
XPON,Expion360
XRPN,Armada Acquisition
XRX,Xerox
XSNX,Novaccess Global
XTC.TO,Exco Technologies
XTLB,XTL Biopharmaceuticals
XTNT,Xtant Medical
XTRA.TO,Xtract One Technologies
XXII,22nd Century
XYF,X Financial
XYL,Xylem
YAAS,Youxin Technology
YALA,Yalla
YARIY,Yara International
YB,Yuanbao
YCBD,cbdMD
YELP,Yelp
YETI,YETI
YEXT,Yext
YGMZ,MingZhu Logistics
YGR.TO,Yangarra Resources
YHNA,YHN Acquisition I
YI,111
YIBO,Planet Image International
YITYY,YIT
YJ,Yunji
YMM,Full Truck Alliance
YORW,York Water
YOU,Clear Secure
YPF,YPF
YQ,17 Education & Technology
YRD,Yiren Digital
YSG,Yatsen Holding
YSXT,YSX Tech Co
YUM,Yum! Brands
YUMC,Yum China
YXT,YXT.COM
YYGH,YY Group
YZCAY,Yankuang Energy
ZBAO,Zhibao Technology
ZBH,Zimmer Biomet
ZBIO,Zenas Biopharma
ZBRA,Zebra Technologies
ZCMD,Zhongchao
ZDGE,Zedge
ZETA,Zeta Global
ZG,Zillow (Class C)
ZH,Zhihu
ZION,Zions Bancorp
ZIP,ZipRecruiter
ZIVO,Zivo Bioscience
ZJYL,Jin Medical International
ZK,ZEEKR Intelligent Technology
ZKIN,ZK International
ZLAB,Zai Lab
ZM,Zoom Communications
ZNTL,Zentalis Pharmaceuticals
ZONE,Cleancore Solutions
ZS,Zscaler
ZSPC,Zspace
ZTO,ZTO Express Cayman
ZTS,Zoetis
ZVIA,Zevia
ZYBT,Zhengye Biotechnology
ZYME,Zymeworks
ZYXI,Zynex
